 ,Area,Perim.,Circ.,AR,Round,Solidity,EqDiam_um,Image
1,122,50.8701,0.5924,2.6221,0.3814,0.8561,12.4634,old 9.png
2,2,4.8284,1.0000,2.0000,0.5000,1.0000,1.5958,old 9.png
3,115,40.3848,0.8861,1.5500,0.6452,0.9504,12.1005,old 9.png
4,26,18.1421,0.9927,1.3916,0.7186,0.8814,5.7536,old 9.png
5,181,52.1838,0.8353,1.3514,0.7399,0.8894,15.1808,old 9.png
6,59,27.2132,1.0000,1.2618,0.7925,0.8939,8.6672,old 9.png
7,1,2.8284,1.0000,1.0000,1.0000,1.0000,1.1284,old 9.png
8,3777,522.9432,0.1736,3.0310,0.3299,0.6857,69.3471,old 9.png
9,70,31.7990,0.8699,1.6285,0.6140,0.9032,9.4407,old 9.png
10,17174,861.3768,0.2909,2.8027,0.3568,0.8272,147.8736,old 9.png
11,131,41.4558,0.9579,1.0840,0.9225,0.9291,12.9149,old 9.png
12,27202,1535.2561,0.1450,2.5846,0.3869,0.6626,186.1039,old 9.png
13,7,9.0711,1.0000,1.3797,0.7248,0.8750,2.9854,old 9.png
14,227,86.8112,0.3785,5.7396,0.1742,0.7605,17.0007,old 9.png
15,7,9.8995,0.8976,1.6678,0.5996,0.7778,2.9854,old 9.png
16,17,15.0711,0.9405,1.9765,0.5059,0.9714,4.6524,old 9.png
17,16,18.4853,0.5884,2.7129,0.3686,0.8000,4.5135,old 9.png
18,58,31.4558,0.7366,2.3049,0.4339,0.8406,8.5935,old 9.png
19,2531,242.6934,0.5400,1.4682,0.6811,0.8011,56.7677,old 9.png
20,32,20.7279,0.9359,1.3513,0.7401,0.8767,6.3831,old 9.png
21,37,25.3137,0.7256,2.1187,0.4720,0.8706,6.8637,old 9.png
22,193,52.8701,0.8677,1.3887,0.7201,0.9212,15.6759,old 9.png
23,1,2.8284,1.0000,1.0000,1.0000,1.0000,1.1284,old 9.png
24,320,77.8406,0.6637,1.6812,0.5948,0.8279,20.1851,old 9.png
25,2719,330.5757,0.3127,2.8472,0.3512,0.7789,58.8382,old 9.png
26,36,22.9706,0.8574,1.9965,0.5009,0.8889,6.7703,old 9.png
27,166,61.5980,0.5498,2.0245,0.4939,0.7757,14.5381,old 9.png
28,48,30.6274,0.6430,3.1565,0.3168,0.7934,7.8176,old 9.png
29,15,13.8995,0.9757,1.4391,0.6949,0.8571,4.3702,old 9.png
30,368,103.6396,0.4305,1.7493,0.5717,0.7788,21.6461,old 9.png
31,58,36.0416,0.5611,2.8483,0.3511,0.8000,8.5935,old 9.png
32,648,120.2254,0.5634,2.0903,0.4784,0.8244,28.7238,old 9.png
33,606,109.2965,0.6375,2.2193,0.4506,0.8417,27.7774,old 9.png
34,220,79.7401,0.4348,4.6117,0.2168,0.8224,16.7366,old 9.png
35,2,4.2426,1.0000,2.0000,0.5000,1.0000,1.5958,old 9.png
36,90,40.9706,0.6738,1.9234,0.5199,0.8780,10.7047,old 9.png
37,132,60.2843,0.4564,2.8554,0.3502,0.6984,12.9641,old 9.png
38,335,79.0122,0.6743,1.5143,0.6604,0.8407,20.6527,old 9.png
39,25,19.8995,0.7934,2.0900,0.4785,0.8929,5.6419,old 9.png
40,1197,188.8528,0.4218,2.5609,0.3905,0.7932,39.0393,old 9.png
41,12371,559.4285,0.4967,2.0361,0.4911,0.8850,125.5040,old 9.png
42,219,57.5980,0.8295,1.9080,0.5241,0.9221,16.6985,old 9.png
43,256,85.1543,0.4436,1.0515,0.9511,0.6836,18.0541,old 9.png
44,10,11.0711,1.0000,1.2356,0.8093,0.9091,3.5682,old 9.png
45,97,45.6985,0.5837,2.4043,0.4159,0.7698,11.1132,old 9.png
46,10717,645.0681,0.3236,1.2757,0.7839,0.8513,116.8131,old 9.png
47,2623,324.1493,0.3137,2.3891,0.4186,0.6873,57.7902,old 9.png
48,357,76.6690,0.7632,2.0012,0.4997,0.9309,21.3201,old 9.png
49,114,38.6274,0.9601,1.1384,0.8784,0.9268,12.0478,old 9.png
50,432,89.4975,0.6778,2.5026,0.3996,0.9019,23.4529,old 9.png
51,15,14.4853,0.8984,1.8663,0.5358,0.9091,4.3702,old 9.png
52,611,122.3259,0.5131,2.6165,0.3822,0.8066,27.8917,old 9.png
53,772,117.2965,0.7051,1.7003,0.5881,0.8818,31.3519,old 9.png
54,106,38.8701,0.8816,1.6723,0.5980,0.8945,11.6174,old 9.png
55,26,18.1421,0.9927,1.5853,0.6308,0.8966,5.7536,old 9.png
56,196,55.6985,0.7939,1.7890,0.5590,0.8970,15.7973,old 9.png
57,84,40.6274,0.6395,2.5744,0.3884,0.8615,10.3418,old 9.png
58,19,15.8995,0.9445,1.6672,0.5998,0.8837,4.9185,old 9.png
59,250,104.7107,0.2865,2.7349,0.3656,0.5097,17.8412,old 9.png
60,69,34.3848,0.7334,2.2290,0.4486,0.8790,9.3730,old 9.png
61,90,39.7990,0.7140,2.6295,0.3803,0.9000,10.7047,old 9.png
62,945,180.6518,0.3639,3.5986,0.2779,0.7680,34.6873,old 9.png
63,3335,227.6224,0.8089,1.4313,0.6987,0.9587,65.1633,old 9.png
64,451,101.3970,0.5512,1.8959,0.5275,0.7892,23.9631,old 9.png
65,231,58.1838,0.8575,1.4483,0.6905,0.9167,17.1499,old 9.png
66,12565,958.1707,0.1720,2.4339,0.4109,0.6384,126.4842,old 9.png
67,1456,148.0244,0.8350,1.2419,0.8052,0.9315,43.0562,old 9.png
68,54,39.1127,0.4436,4.5472,0.2199,0.7248,8.2919,old 9.png
69,280,61.9411,0.9171,1.2504,0.7997,0.9412,18.8814,old 9.png
70,19,15.8995,0.9445,1.3955,0.7166,0.9048,4.9185,old 9.png
71,71,33.7990,0.7810,2.0566,0.4862,0.8987,9.5079,old 9.png
72,359,91.9828,0.5332,3.5997,0.2778,0.8329,21.3797,old 9.png
73,890,186.3087,0.3222,2.2307,0.4483,0.6274,33.6628,old 9.png
74,87,33.7990,0.9570,1.2999,0.7693,0.9206,10.5248,old 9.png
75,213,57.1127,0.8206,1.4824,0.6746,0.9045,16.4682,old 9.png
76,22,17.3137,0.9223,1.8143,0.5512,0.8980,5.2926,old 9.png
77,4,5.6569,1.0000,1.0000,1.0000,1.0000,2.2568,old 9.png
78,15973,1272.9646,0.1239,1.5439,0.6477,0.5794,142.6095,old 9.png
79,16,13.8995,1.0000,1.2344,0.8101,0.8889,4.5135,old 9.png
80,12,14.4853,0.7187,2.1223,0.4712,0.8276,3.9088,old 9.png
81,10,11.0711,1.0000,1.2356,0.8093,0.9091,3.5682,old 9.png
82,32,20.7279,0.9359,1.7344,0.5766,0.9143,6.3831,old 9.png
83,903,180.5513,0.3481,2.8884,0.3462,0.6137,33.9077,old 9.png
84,50,26.9706,0.8638,1.5455,0.6470,0.8772,7.9788,old 9.png
85,1,2.8284,1.0000,1.0000,1.0000,1.0000,1.1284,old 9.png
86,29,20.1421,0.8982,1.5501,0.6451,0.8657,6.0765,old 9.png
87,114,44.8701,0.7115,1.4909,0.6707,0.8476,12.0478,old 9.png
88,64,31.4558,0.8128,1.8045,0.5542,0.8477,9.0270,old 9.png
89,1,2.8284,1.0000,1.0000,1.0000,1.0000,1.1284,old 9.png
90,46,25.5563,0.8851,1.3694,0.7303,0.8762,7.6530,old 9.png
91,114,40.6274,0.8679,1.0994,0.9096,0.8976,12.0478,old 9.png
92,290,80.6690,0.5600,2.7025,0.3700,0.8078,19.2156,old 9.png
93,46,24.7279,0.9453,1.2486,0.8009,0.9200,7.6530,old 9.png
94,59,28.9706,0.8834,1.5978,0.6258,0.9008,8.6672,old 9.png
95,18,14.4853,1.0000,1.2175,0.8214,0.9474,4.7873,old 9.png
96,12,11.8995,1.0000,1.1349,0.8811,0.8571,3.9088,old 9.png
97,12,12.4853,0.9674,1.5786,0.6335,0.8889,3.9088,old 9.png
98,180,91.8823,0.2679,7.4760,0.1338,0.6239,15.1388,old 9.png
99,195,82.4264,0.3607,3.8863,0.2573,0.7065,15.7570,old 9.png
100,296,83.2548,0.5366,3.3544,0.2981,0.8469,19.4134,old 9.png
101,20,15.3137,1.0000,1.0829,0.9235,0.8889,5.0463,old 9.png
102,1473,238.5929,0.3252,1.7254,0.5796,0.6611,43.3068,old 9.png
103,1,2.8284,1.0000,1.0000,1.0000,1.0000,1.1284,old 9.png
104,291,65.6985,0.8472,1.5951,0.6269,0.9342,19.2487,old 9.png
105,39,23.5563,0.8832,1.5633,0.6397,0.8764,7.0467,old 9.png
106,5,7.6569,1.0000,1.5530,0.6439,0.9091,2.5231,old 9.png
107,668,144.2670,0.4033,1.6649,0.6006,0.7214,29.1637,old 9.png
108,42,31.7990,0.5220,3.0519,0.3277,0.8155,7.3127,old 9.png
109,247,80.5685,0.4782,3.0282,0.3302,0.7719,17.7339,old 9.png
110,509,102.4680,0.6092,1.7060,0.5862,0.8183,25.4574,old 9.png
111,5,7.6569,1.0000,1.5530,0.6439,0.9091,2.5231,old 9.png
112,200,52.2843,0.9194,1.2067,0.8287,0.9346,15.9577,old 9.png
113,1858,171.9239,0.7899,1.1825,0.8457,0.9311,48.6382,old 9.png
114,22,16.7279,0.9880,1.4748,0.6780,0.8800,5.2926,old 9.png
115,34,20.1421,1.0000,1.1273,0.8871,0.9189,6.5795,old 9.png
116,23,16.7279,1.0000,1.1821,0.8459,0.8846,5.4115,old 9.png
117,158,46.2843,0.9268,1.1239,0.8897,0.9240,14.1835,old 9.png
118,30,19.8995,0.9520,1.4564,0.6866,0.9231,6.1804,old 9.png
119,12,13.6569,0.8085,3.0000,0.3333,1.0000,3.9088,old 9.png
120,238,59.9411,0.8324,1.5325,0.6525,0.9297,17.4078,old 9.png
121,40,22.7279,0.9731,1.4081,0.7102,0.9412,7.1365,old 9.png
122,35,22.7279,0.8514,1.7624,0.5674,0.9091,6.6756,old 9.png
123,21,17.3137,0.8803,1.9360,0.5165,0.8750,5.1709,old 9.png
124,8,9.0711,1.0000,1.2286,0.8139,0.9412,3.1915,old 9.png
125,6,9.0711,0.9163,2.0817,0.4804,0.8571,2.7640,old 9.png
126,40,28.3848,0.6239,2.6711,0.3744,0.7921,7.1365,old 9.png
127,174,53.5980,0.7611,2.0789,0.4810,0.8810,14.8843,old 9.png
128,319,68.5269,0.8536,1.4223,0.7031,0.9424,20.1535,old 9.png
129,105,37.2132,0.9528,1.2833,0.7793,0.9251,11.5624,old 9.png
130,127,42.0416,0.9029,1.2269,0.8151,0.9170,12.7162,old 9.png
131,35,21.5563,0.9465,1.3959,0.7164,0.8750,6.6756,old 9.png
132,16206,1048.3717,0.1853,1.2089,0.8272,0.6928,143.6458,old 9.png
133,16,16.1421,0.7716,2.1181,0.4721,0.8205,4.5135,old 9.png
134,4945,452.9432,0.3029,2.9973,0.3336,0.7112,79.3484,old 9.png
135,3,5.6569,1.0000,1.4638,0.6831,0.8571,1.9544,old 9.png
136,2309,197.4802,0.7440,1.7674,0.5658,0.9405,54.2209,old 9.png
137,523,131.6396,0.3793,2.7362,0.3655,0.6923,25.8051,old 9.png
138,286,64.5269,0.8632,1.5145,0.6603,0.9392,19.0826,old 9.png
139,7,8.4853,1.0000,1.5964,0.6264,0.8750,2.9854,old 9.png
140,60,27.5563,0.9929,1.1360,0.8803,0.9231,8.7404,old 9.png
141,661,115.1960,0.6259,2.6484,0.3776,0.9168,29.0105,old 9.png
142,35,20.1421,1.0000,1.1399,0.8773,0.9211,6.6756,old 9.png
143,8,11.6569,0.7398,2.2324,0.4479,0.8889,3.1915,old 9.png
144,2754,272.1493,0.4673,1.1217,0.8915,0.8659,59.2157,old 9.png
145,36,23.2132,0.8395,1.7646,0.5667,0.8276,6.7703,old 9.png
146,28,18.7279,1.0000,1.4510,0.6892,0.9032,5.9708,old 9.png
147,47,28.7279,0.7156,2.4335,0.4109,0.8624,7.7358,old 9.png
148,13,13.3137,0.9216,1.4205,0.7040,0.8125,4.0684,old 9.png
149,122,47.4558,0.6808,2.0831,0.4801,0.8938,12.4634,old 9.png
150,33,20.7279,0.9652,1.6113,0.6206,0.9167,6.4820,old 9.png
151,63,39.2132,0.5149,3.8340,0.2608,0.7778,8.9562,old 9.png
152,10,13.3137,0.7089,1.6597,0.6025,0.6897,3.5682,old 9.png
153,12,12.4853,0.9674,1.9394,0.5156,0.8889,3.9088,old 9.png
154,11227,620.3991,0.3665,1.4486,0.6903,0.7979,119.5603,old 9.png
155,55169,2132.4419,0.1525,3.5133,0.2846,0.6745,265.0346,old 9.png
156,80,37.5563,0.7127,2.3729,0.4214,0.9040,10.0925,old 9.png
157,9132,461.2864,0.5393,1.9141,0.5224,0.8330,107.8296,old 9.png
158,36,27.7990,0.5854,2.5983,0.3849,0.7742,6.7703,old 9.png
159,65,33.7990,0.7150,1.7934,0.5576,0.9091,9.0973,old 9.png
160,144,47.4558,0.8035,1.7670,0.5659,0.9028,13.5406,old 9.png
161,84,44.2843,0.5383,2.6269,0.3807,0.7568,10.3418,old 9.png
162,8,11.6569,0.7398,2.3918,0.4181,0.8889,3.1915,old 9.png
163,10,11.8995,0.8875,1.6435,0.6085,0.8000,3.5682,old 9.png
164,54,33.7990,0.5940,2.0139,0.4965,0.7883,8.2919,old 9.png
165,156,52.7696,0.7040,1.7201,0.5814,0.8643,14.0935,old 9.png
166,7,9.0711,1.0000,1.0688,0.9356,0.8750,2.9854,old 9.png
167,927,188.7523,0.3270,2.1461,0.4660,0.6433,34.3554,old 9.png
168,9,10.4853,1.0000,1.3403,0.7461,0.8571,3.3851,old 9.png
169,2,4.8284,1.0000,2.0000,0.5000,1.0000,1.5958,old 9.png
170,157,65.0122,0.4668,2.5004,0.3999,0.6932,14.1386,old 9.png
171,38,22.7279,0.9244,1.6777,0.5961,0.9268,6.9558,old 9.png
172,20,22.4853,0.4971,3.7056,0.2699,0.8000,5.0463,old 9.png
173,110,38.0416,0.9552,1.2109,0.8258,0.9205,11.8345,old 9.png
174,6,7.6569,1.0000,1.5000,0.6667,1.0000,2.7640,old 9.png
175,13,12.4853,1.0000,1.7350,0.5764,0.9286,4.0684,old 9.png
176,8,10.4853,0.9144,1.9386,0.5158,0.8421,3.1915,old 9.png
177,1016,151.0955,0.5592,1.8857,0.5303,0.8366,35.9668,old 9.png
178,11,11.0711,1.0000,1.3721,0.7288,0.9565,3.7424,old 9.png
179,5,7.6569,1.0000,1.5530,0.6439,0.9091,2.5231,old 9.png
180,1984,190.4508,0.6874,1.5197,0.6580,0.8998,50.2604,old 9.png
181,68,29.7990,0.9623,1.2711,0.7867,0.9067,9.3049,old 9.png
182,29,19.3137,0.9770,1.4959,0.6685,0.9206,6.0765,old 9.png
183,7297,594.9260,0.2591,1.4037,0.7124,0.6691,96.3889,old 9.png
184,177,50.8701,0.8595,1.7222,0.5807,0.9390,15.0121,old 9.png
185,42,24.7279,0.8631,1.9372,0.5162,0.9231,7.3127,old 9.png
186,121,49.4558,0.6217,2.9392,0.3402,0.8768,12.4122,old 9.png
187,94,39.2132,0.7682,1.9229,0.5201,0.8910,10.9400,old 9.png
188,539,156.2670,0.2774,1.3944,0.7172,0.6087,26.1969,old 9.png
189,24,18.7279,0.8599,1.2342,0.8102,0.8421,5.5279,old 9.png
190,92,36.8701,0.8505,1.4761,0.6775,0.8889,10.8230,old 9.png
191,41,23.3137,0.9479,1.4147,0.7068,0.9318,7.2252,old 9.png
192,177,50.2843,0.8797,1.4394,0.6947,0.9243,15.0121,old 9.png
193,8673,543.5290,0.3689,1.6586,0.6029,0.8125,105.0848,old 9.png
194,92,39.2132,0.7519,2.2808,0.4384,0.9154,10.8230,old 9.png
195,91,35.7990,0.8923,1.4841,0.6738,0.9146,10.7641,old 9.png
196,4,5.6569,1.0000,1.0000,1.0000,1.0000,2.2568,old 9.png
197,797,138.7107,0.5205,1.8432,0.5425,0.7742,31.8555,old 9.png
198,110,42.0416,0.7821,1.9907,0.5023,0.8943,11.8345,old 9.png
199,382,92.6690,0.5590,1.6952,0.5899,0.7967,22.0540,old 9.png
200,11,12.4853,0.8868,1.8923,0.5284,0.8800,3.7424,old 9.png
201,4,5.6569,1.0000,1.0000,1.0000,1.0000,2.2568,old 9.png
202,30,22.7279,0.7298,2.6118,0.3829,0.8571,6.1804,old 9.png
203,7,9.6569,0.9433,1.9357,0.5166,0.9333,2.9854,old 9.png
204,7,9.0711,1.0000,1.0688,0.9356,0.8750,2.9854,old 9.png
205,444,91.9828,0.6594,1.9438,0.5145,0.8638,23.7764,old 9.png
206,31,37.3137,0.2798,6.5113,0.1536,0.7209,6.2825,old 9.png
207,782,162.8528,0.3705,2.1523,0.4646,0.7109,31.5543,old 9.png
208,6,9.6569,0.8085,1.8091,0.5528,0.8571,2.7640,old 9.png
209,513,129.0538,0.3871,2.3304,0.4291,0.7008,25.5572,old 9.png
210,1063,192.8944,0.3590,1.2261,0.8156,0.7035,36.7893,old 9.png
211,323,87.1543,0.5344,1.7585,0.5687,0.7564,20.2795,old 9.png
212,2,4.8284,1.0000,2.0000,0.5000,1.0000,1.5958,old 9.png
213,770,150.9949,0.4244,2.8953,0.3454,0.8110,31.3113,old 9.png
214,203,75.0122,0.4534,2.3773,0.4207,0.7000,16.0769,old 9.png
215,901,192.1665,0.3066,1.9277,0.5188,0.6401,33.8702,old 9.png
216,50,29.5563,0.7192,2.2186,0.4507,0.8772,7.9788,old 9.png
217,212,55.6985,0.8587,1.3699,0.7300,0.9217,16.4294,old 9.png
218,128,42.0416,0.9100,1.2767,0.7833,0.9242,12.7662,old 9.png
219,501,97.1543,0.6670,2.2171,0.4510,0.8774,25.2565,old 9.png
220,17,15.3137,0.9110,1.7976,0.5563,0.8947,4.6524,old 9.png
221,47,25.5563,0.9043,1.3990,0.7148,0.8868,7.7358,old 9.png
222,15,13.0711,1.0000,1.1366,0.8798,0.9677,4.3702,old 9.png
223,7,11.6569,0.6474,2.7312,0.3661,0.8235,2.9854,old 9.png
224,844,114.6102,0.8074,1.3508,0.7403,0.9285,32.7813,old 9.png
225,30,21.8995,0.7861,2.1825,0.4582,0.9231,6.1804,old 9.png
226,1428,188.1665,0.5068,2.1679,0.4613,0.8546,42.6402,old 9.png
227,27,18.7279,0.9674,1.4751,0.6779,0.8852,5.8632,old 9.png
228,191,51.6985,0.8980,1.5450,0.6472,0.9455,15.5945,old 9.png
229,23,17.5563,0.9377,1.2500,0.8000,0.8214,5.4115,old 9.png
230,828,135.5391,0.5664,1.4967,0.6682,0.7939,32.4691,old 9.png
231,6,9.6569,0.8085,2.0817,0.4804,0.8571,2.7640,old 9.png
232,527,112.9533,0.5191,2.8949,0.3454,0.8306,25.9036,old 9.png
233,604,138.8528,0.3937,3.8578,0.2592,0.7665,27.7315,old 9.png
234,9246,537.2275,0.4026,2.1621,0.4625,0.7996,108.5006,old 9.png
235,29,19.3137,0.9770,1.4956,0.6686,0.9206,6.0765,old 9.png
236,4331,437.4874,0.2844,2.7074,0.3694,0.7815,74.2590,old 9.png
237,403,75.3553,0.8918,1.2425,0.8049,0.9494,22.6521,old 9.png
238,37,22.1421,0.9484,1.5076,0.6633,0.9024,6.8637,old 9.png
239,7,8.4853,1.0000,1.0688,0.9356,0.8750,2.9854,old 9.png
240,19,17.8995,0.7452,2.4560,0.4072,0.8837,4.9185,old 9.png
241,10,11.3137,0.9817,1.5867,0.6302,0.8000,3.5682,old 9.png
242,71,40.1421,0.5537,3.4274,0.2918,0.9161,9.5079,old 9.png
243,2160,254.7939,0.4181,1.7328,0.5771,0.7833,52.4423,old 9.png
244,3,5.6569,1.0000,1.4639,0.6831,0.8571,1.9544,old 9.png
245,189,52.8701,0.8497,1.6039,0.6235,0.9287,15.5126,old 9.png
246,2878,301.2203,0.3986,1.8275,0.5472,0.8054,60.5342,old 9.png
247,17,15.3137,0.9110,1.6087,0.6216,0.8293,4.6524,old 9.png
248,7,9.0711,1.0000,1.0688,0.9356,0.8750,2.9854,old 9.png
249,95,43.2132,0.6393,2.4763,0.4038,0.8559,10.9981,old 9.png
250,330,101.8823,0.3995,2.9664,0.3371,0.7104,20.4980,old 9.png
251,4927,540.1981,0.2122,3.0257,0.3305,0.6022,79.2039,old 9.png
252,1,2.8284,1.0000,1.0000,1.0000,1.0000,1.1284,old 9.png
253,168,48.0416,0.9147,1.2507,0.7995,0.9359,14.6255,old 9.png
254,8,10.4853,0.9144,1.1952,0.8367,0.8000,3.1915,old 9.png
255,88,34.8701,0.9095,1.1289,0.8858,0.8800,10.5851,old 9.png
256,4001,393.6884,0.3244,2.4859,0.4023,0.7439,71.3739,old 9.png
257,6,9.6569,0.8085,2.0817,0.4804,0.8571,2.7640,old 9.png
258,2,4.8284,1.0000,2.0000,0.5000,1.0000,1.5958,old 9.png
259,17,14.7279,0.9849,1.2093,0.8269,0.8293,4.6524,old 9.png
260,10,12.4853,0.8061,1.5766,0.6343,0.8000,3.5682,old 9.png
261,413,100.4680,0.5142,2.4952,0.4008,0.7988,22.9314,old 9.png
262,3258,310.9777,0.4234,1.6504,0.6059,0.8046,64.4066,old 9.png
263,4,5.6569,1.0000,1.0000,1.0000,1.0000,2.2568,old 9.png
264,5,7.6569,1.0000,1.5530,0.6439,0.9091,2.5231,old 9.png
265,79,35.2132,0.8006,1.7816,0.5613,0.8778,10.0293,old 9.png
266,6,7.6569,1.0000,1.5000,0.6667,1.0000,2.7640,old 9.png
267,7,9.6569,0.9433,1.9357,0.5166,0.9333,2.9854,old 9.png
268,141,67.0122,0.3946,1.7766,0.5629,0.7344,13.3988,old 9.png
269,154,46.2843,0.9034,1.4386,0.6951,0.9277,14.0028,old 9.png
270,179,56.5269,0.7040,1.9913,0.5022,0.9018,15.0967,old 9.png
271,327,68.1838,0.8839,1.2204,0.8194,0.9343,20.4046,old 9.png
272,64,32.1421,0.7785,2.2515,0.4441,0.9275,9.0270,old 9.png
273,1439,290.6173,0.2141,6.8064,0.1469,0.5971,42.8041,old 9.png
274,17,14.4853,1.0000,1.1918,0.8391,0.9189,4.6524,old 9.png
275,20,15.8995,0.9942,1.4034,0.7125,0.9091,5.0463,old 9.png
276,36,23.5563,0.8153,1.6622,0.6016,0.8571,6.7703,old 9.png
277,831,118.1249,0.7484,1.2792,0.7817,0.8994,32.5279,old 9.png
278,8462,792.3646,0.1694,3.1097,0.3216,0.7097,103.7986,old 9.png
279,8,9.0711,1.0000,1.2286,0.8139,0.9412,3.1915,old 9.png
280,1,2.8284,1.0000,1.0000,1.0000,1.0000,1.1284,old 9.png
281,39,23.5563,0.8832,1.6168,0.6185,0.8864,7.0467,old 9.png
282,19,17.3137,0.7965,1.6481,0.6068,0.8444,4.9185,old 9.png
283,12,11.3137,1.0000,1.0000,1.0000,0.8571,3.9088,old 9.png
284,2919,279.4214,0.4698,2.3994,0.4168,0.8366,60.9638,old 9.png
285,4,5.6569,1.0000,1.0000,1.0000,1.0000,2.2568,old 9.png
286,170,55.1127,0.7033,1.4155,0.7065,0.8458,14.7123,old 9.png
287,35,20.7279,1.0000,1.1436,0.8745,0.9333,6.6756,old 9.png
288,49,32.2843,0.5908,3.2511,0.3076,0.7656,7.8987,old 9.png
289,6878,518.3158,0.3217,1.4953,0.6687,0.7893,93.5807,old 9.png
290,445,89.4975,0.6981,1.3447,0.7437,0.8558,23.8032,old 9.png
291,25,18.7279,0.8957,1.4406,0.6942,0.8772,5.6419,old 9.png
292,47,24.9706,0.9472,1.4424,0.6933,0.8952,7.7358,old 9.png
293,1334,186.5097,0.4819,1.1968,0.8356,0.8829,41.2129,old 9.png
294,108,39.6985,0.8612,1.4069,0.7108,0.9038,11.7265,old 9.png
295,2159,308.3919,0.2853,3.2110,0.3114,0.7035,52.4302,old 9.png
296,11418,547.7300,0.4783,2.9686,0.3369,0.8589,120.5730,old 9.png
297,7959,647.3940,0.2386,2.7383,0.3652,0.5704,100.6663,old 9.png
298,6733,501.1026,0.3369,1.8882,0.5296,0.7578,92.5890,old 9.png
299,40,30.9706,0.5240,3.4045,0.2937,0.7273,7.1365,old 9.png
300,2,4.8284,1.0000,2.0000,0.5000,1.0000,1.5958,old 9.png
301,214,66.1838,0.6139,2.5481,0.3925,0.8577,16.5068,old 9.png
302,1014,172.4680,0.4284,3.3088,0.3022,0.8308,35.9314,old 9.png
303,58,31.2132,0.7481,2.1935,0.4559,0.8657,8.5935,old 9.png
304,25,21.3137,0.6916,2.5826,0.3872,0.8772,5.6419,old 9.png
305,765,103.6396,0.8950,1.2710,0.7868,0.9580,31.2094,old 9.png
306,1962,327.7645,0.2295,5.0476,0.1981,0.5831,49.9810,old 9.png
307,606,99.7401,0.7655,1.4969,0.6680,0.8964,27.7774,old 9.png
308,270,62.4264,0.8706,1.6304,0.6133,0.9310,18.5412,old 9.png
309,73,31.2132,0.9416,1.2863,0.7774,0.8957,9.6409,old 9.png
310,14,14.4853,0.8385,2.0300,0.4926,0.9032,4.2220,old 9.png
311,5,9.6569,0.6738,2.6100,0.3831,0.7692,2.5231,old 9.png
312,50,28.1421,0.7934,1.9378,0.5161,0.8850,7.9788,old 9.png
313,15,14.1421,0.9425,1.1910,0.8396,0.8108,4.3702,old 9.png
314,4533,333.7645,0.5113,1.1708,0.8541,0.8471,75.9710,old 9.png
315,171,71.2548,0.4232,2.9045,0.3443,0.7261,14.7555,old 9.png
316,516,98.6690,0.6660,2.0287,0.4929,0.8997,25.6318,old 9.png
317,111,47.4558,0.6194,2.0960,0.4771,0.8605,11.8882,old 9.png
318,39,22.9706,0.9288,1.7274,0.5789,0.8966,7.0467,old 9.png
319,13437,750.6488,0.2997,1.4858,0.6730,0.7835,130.7995,old 9.png
320,43481,1865.4226,0.1570,2.4405,0.4097,0.6919,235.2907,old 9.png
321,821,204.3503,0.2471,6.5429,0.1528,0.5982,32.3316,old 9.png
322,1166,235.2792,0.2647,2.8854,0.3466,0.6271,38.5305,old 9.png
323,33,23.8995,0.7260,2.6699,0.3745,0.9167,6.4820,old 9.png
324,3486,343.1198,0.3721,1.0567,0.9463,0.7617,66.6222,old 9.png
325,244,58.5269,0.8951,1.1554,0.8655,0.9278,17.6258,old 9.png
326,2,4.8284,1.0000,2.0000,0.5000,1.0000,1.5958,old 9.png
327,7,8.4853,1.0000,1.5964,0.6264,0.8750,2.9854,old 9.png
328,95,41.4558,0.6946,2.2754,0.4395,0.8597,10.9981,old 9.png
329,4,7.6569,0.8574,1.4676,0.6814,0.8000,2.2568,old 9.png
330,152,55.2132,0.6266,2.8632,0.3493,0.9212,13.9116,old 9.png
331,84920,1714.5353,0.3630,1.6424,0.6089,0.8231,328.8214,old 9.png
332,231,74.8701,0.5179,3.4784,0.2875,0.9006,17.1499,old 9.png
333,21,16.7279,0.9431,1.8894,0.5293,0.8936,5.1709,old 9.png
334,139,49.3553,0.7171,1.3508,0.7403,0.8249,13.3034,old 9.png
335,34,21.5563,0.9195,1.3058,0.7658,0.8608,6.5795,old 9.png
336,27,18.7279,0.9674,1.6316,0.6129,0.9000,5.8632,old 9.png
337,34,30.1421,0.4703,3.9377,0.2540,0.7907,6.5795,old 9.png
338,2351,202.4508,0.7208,1.3649,0.7327,0.9162,54.7118,old 9.png
339,33,20.9706,0.9430,1.7708,0.5647,0.8571,6.4820,old 9.png
340,93,41.2132,0.6881,2.3001,0.4348,0.8194,10.8817,old 9.png
341,95,41.4558,0.6946,1.7363,0.5759,0.8120,10.9981,old 9.png
342,404,80.6690,0.7801,1.6675,0.5997,0.9213,22.6801,old 9.png
343,84,37.7990,0.7388,2.3780,0.4205,0.8984,10.3418,old 9.png
344,17,15.3137,0.9110,1.5375,0.6504,0.8718,4.6524,old 9.png
345,131,42.0416,0.9314,1.3612,0.7347,0.9324,12.9149,old 9.png
346,55,30.8701,0.7253,1.9234,0.5199,0.8088,8.3683,old 9.png
347,60,28.1421,0.9520,1.4807,0.6753,0.9375,8.7404,old 9.png
348,69,29.5563,0.9926,1.3017,0.7683,0.9452,9.3730,old 9.png
349,48,27.7990,0.7805,2.1601,0.4629,0.8649,7.8176,old 9.png
350,1199,154.8528,0.6283,2.1757,0.4596,0.9320,39.0719,old 9.png
351,10,13.3137,0.7089,2.8578,0.3499,0.7407,3.5682,old 9.png
352,153,47.3553,0.8574,1.4594,0.6852,0.9053,13.9573,old 9.png
353,7,9.0711,1.0000,1.0688,0.9356,0.8750,2.9854,old 9.png
354,6001,596.5828,0.2119,2.0554,0.4865,0.6312,87.4112,old 9.png
355,289,65.0122,0.8592,1.1840,0.8446,0.9233,19.1824,old 9.png
356,52,26.7279,0.9147,1.4400,0.6944,0.9286,8.1369,old 9.png
357,75,38.8701,0.6238,2.8365,0.3525,0.8065,9.7721,old 9.png
358,93,35.7990,0.9119,1.1518,0.8682,0.9163,10.8817,old 9.png
359,24,18.1421,0.9163,1.4250,0.7017,0.8276,5.5279,old 9.png
360,2,4.8284,1.0000,2.0000,0.5000,1.0000,1.5958,old 9.png
361,64,29.7990,0.9057,1.6632,0.6012,0.9014,9.0270,old 9.png
362,3492,401.9899,0.2716,3.8588,0.2591,0.6193,66.6795,old 9.png
363,2107,339.9066,0.2292,5.7637,0.1735,0.7631,51.7949,old 9.png
364,2721,303.4630,0.3713,3.8183,0.2619,0.7363,58.8599,old 9.png
365,53,28.1421,0.8410,1.8361,0.5446,0.9217,8.2147,old 9.png
366,849,139.8823,0.5452,2.9930,0.3341,0.9164,32.8783,old 9.png
367,379,75.5980,0.8334,1.7387,0.5752,0.9428,21.9672,old 9.png
368,8,9.0711,1.0000,1.2286,0.8139,0.9412,3.1915,old 9.png
369,4,5.6569,1.0000,1.0000,1.0000,1.0000,2.2568,old 9.png
370,11,11.8995,0.9762,1.2287,0.8139,0.8462,3.7424,old 9.png
371,75,32.6274,0.8853,1.7662,0.5662,0.8982,9.7721,old 9.png
372,85,38.3848,0.7250,2.2208,0.4503,0.9140,10.4031,old 9.png
373,473,87.0122,0.7851,1.8316,0.5460,0.9404,24.5406,old 9.png
374,9780,458.2742,0.5852,1.3133,0.7614,0.8872,111.5898,old 9.png
375,15,18.4853,0.5516,3.1679,0.3157,0.8108,4.3702,old 9.png
376,2,4.8284,1.0000,2.0000,0.5000,1.0000,1.5958,old 9.png
377,18,15.3137,0.9645,1.7043,0.5867,0.8780,4.7873,old 9.png
378,7,9.6569,0.9433,1.9357,0.5166,0.9333,2.9854,old 9.png
379,32,22.9706,0.7621,2.3489,0.4257,0.8533,6.3831,old 9.png
380,188,61.1127,0.6326,2.3393,0.4275,0.8889,15.4716,old 9.png
381,1631,218.2082,0.4304,1.9785,0.5054,0.8090,45.5703,old 9.png
382,499,103.9828,0.5799,1.4859,0.6730,0.7927,25.2061,old 9.png
383,5987,321.8478,0.7263,1.0268,0.9739,0.9353,87.3091,old 9.png
384,60,30.3848,0.8167,1.9291,0.5184,0.9160,8.7404,old 9.png
385,368,85.8406,0.6276,2.2294,0.4486,0.8598,21.6461,old 9.png
386,25,21.5563,0.6761,2.7846,0.3591,0.7937,5.6419,old 9.png
387,27,21.3137,0.7469,2.0875,0.4790,0.9000,5.8632,old 9.png
388,16,15.3137,0.8574,1.8819,0.5314,0.8421,4.5135,old 9.png
389,48,27.3137,0.8085,2.2250,0.4494,0.9412,7.8176,old 9.png
390,70,30.6274,0.9378,1.2563,0.7960,0.8805,9.4407,old 9.png
391,35637,1969.9079,0.1154,2.9054,0.3442,0.6639,213.0128,old 9.png
392,15,13.0711,1.0000,1.1366,0.8798,0.9677,4.3702,old 9.png
393,1582,235.9239,0.3572,4.9097,0.2037,0.8355,44.8806,old 9.png
394,93,47.2132,0.5243,3.7716,0.2651,0.8732,10.8817,old 9.png
395,935,123.2965,0.7729,1.5467,0.6465,0.9411,34.5033,old 9.png
396,128,43.1127,0.8654,1.3895,0.7197,0.8982,12.7662,old 9.png
397,11,11.0711,1.0000,1.3721,0.7288,0.9565,3.7424,old 9.png
398,14,14.4853,0.8385,1.8510,0.5403,0.9032,4.2220,old 9.png
399,563,94.8112,0.7870,1.4555,0.6871,0.9169,26.7738,old 9.png
400,55,30.3848,0.7486,2.4428,0.4094,0.8800,8.3683,old 9.png
401,292,66.5269,0.8291,1.7794,0.5620,0.9404,19.2818,old 9.png
402,40,24.1421,0.8624,1.6452,0.6078,0.8696,7.1365,old 9.png
403,5777,424.9016,0.4021,1.3899,0.7195,0.8365,85.7642,old 9.png
404,342,71.8406,0.8327,1.7396,0.5749,0.9409,20.8674,old 9.png
405,248,60.1838,0.8604,1.7132,0.5837,0.9341,17.7697,old 9.png
406,63,32.0416,0.7711,2.0929,0.4778,0.8630,8.9562,old 9.png
407,2,4.8284,1.0000,2.0000,0.5000,1.0000,1.5958,old 9.png
408,10,10.4853,1.0000,1.5512,0.6447,0.9091,3.5682,old 9.png
409,9,9.6569,1.0000,1.0000,1.0000,1.0000,3.3851,old 9.png
410,1870,336.6762,0.2073,1.8319,0.5459,0.5886,48.7951,old 9.png
411,15,13.0711,1.0000,1.1366,0.8798,0.9677,4.3702,old 9.png
412,124,44.5269,0.7859,2.1902,0.4566,0.9084,12.5651,old 9.png
413,158,46.6274,0.9132,1.3752,0.7272,0.9405,14.1835,old 9.png
414,131,50.0416,0.6574,2.6846,0.3725,0.9034,12.9149,old 9.png
415,13997,731.7128,0.3285,1.6002,0.6249,0.8981,133.4973,old 9.png
416,163,48.2843,0.8786,1.5381,0.6501,0.9288,14.4062,old 9.png
417,341,113.0538,0.3353,3.9377,0.2540,0.6533,20.8369,old 9.png
418,5510,483.0021,0.2968,1.1676,0.8565,0.6278,83.7589,old 9.png
419,19,17.3137,0.7965,2.0980,0.4766,0.8444,4.9185,old 9.png
420,63,29.2132,0.9277,1.4879,0.6721,0.8873,8.9562,old 9.png
421,438,100.5685,0.5442,1.5134,0.6608,0.7857,23.6152,old 9.png
422,52,30.1421,0.7192,2.4346,0.4107,0.9204,8.1369,old 9.png
423,475,115.1543,0.4501,4.2330,0.2362,0.8429,24.5925,old 9.png
424,65,30.3848,0.8847,1.6939,0.5904,0.9286,9.0973,old 9.png
425,22,19.3137,0.7411,2.1566,0.4637,0.8302,5.2926,old 9.png
426,3382,226.8944,0.8255,1.1691,0.8554,0.9588,65.6209,old 9.png
427,17,16.4853,0.7861,2.5538,0.3916,0.8947,4.6524,old 9.png
428,1,2.8284,1.0000,1.0000,1.0000,1.0000,1.1284,old 9.png
429,2,4.2426,1.0000,2.0000,0.5000,1.0000,1.5958,old 9.png
430,8,9.0711,1.0000,1.2286,0.8139,0.9412,3.1915,old 9.png
431,77,34.0416,0.8350,1.2871,0.7769,0.8652,9.9015,old 9.png
432,113,38.6274,0.9517,1.4042,0.7122,0.9417,11.9948,old 9.png
433,2097,203.4802,0.6364,1.6257,0.6151,0.9012,51.6719,old 9.png
434,9,10.4853,1.0000,1.8172,0.5503,0.8571,3.3851,old 9.png
435,192,56.2843,0.7616,2.0662,0.4840,0.9253,15.6353,old 9.png
436,5639,336.5341,0.6257,1.0987,0.9102,0.8844,84.7337,old 9.png
437,259,61.6985,0.8550,1.2641,0.7911,0.9418,18.1595,old 9.png
438,2620,243.3797,0.5558,2.0456,0.4888,0.8673,57.7571,old 9.png
439,8992,587.6123,0.3273,1.4014,0.7136,0.7042,106.9999,old 9.png
440,48,27.3137,0.8085,2.1759,0.4596,0.9320,7.8176,old 9.png
441,480,137.6396,0.3184,5.1158,0.1955,0.6544,24.7215,old 9.png
442,3,5.6569,1.0000,1.4639,0.6831,0.8571,1.9544,old 9.png
443,30,20.3848,0.9072,1.9408,0.5152,0.8571,6.1804,old 9.png
444,67,36.6274,0.6276,2.1695,0.4609,0.7976,9.2362,old 9.png
445,385,88.6690,0.6154,1.0911,0.9165,0.8462,22.1404,old 9.png
446,32,20.1421,0.9912,1.3462,0.7429,0.9014,6.3831,old 9.png
447,2,4.8284,1.0000,2.0000,0.5000,1.0000,1.5958,old 9.png
448,39,24.9706,0.7860,1.9329,0.5173,0.8478,7.0467,old 9.png
449,2168,249.4214,0.4379,1.5260,0.6553,0.8457,52.5394,old 9.png
450,63,40.7279,0.4773,3.7009,0.2702,0.8514,8.9562,old 9.png
451,453,106.6102,0.5009,3.2839,0.3045,0.8428,24.0162,old 9.png
452,19,15.8995,0.9445,1.4988,0.6672,0.9048,4.9185,old 9.png
453,4,5.6569,1.0000,1.0000,1.0000,1.0000,2.2568,old 9.png
454,4,7.6569,0.8574,1.4676,0.6814,0.8000,2.2568,old 9.png
455,24,26.4853,0.4299,5.2104,0.1919,0.8000,5.5279,old 9.png
456,2109,289.0782,0.3171,1.4011,0.7137,0.8426,51.8195,old 9.png
457,4811,263.7645,0.8690,1.0205,0.9799,0.9658,78.2659,old 9.png
458,7,9.6569,0.9433,1.9357,0.5166,0.9333,2.9854,old 9.png
459,58,28.9706,0.8684,1.8352,0.5449,0.9062,8.5935,old 9.png
460,2,4.8284,1.0000,2.0000,0.5000,1.0000,1.5958,old 9.png
461,180,51.6985,0.8463,1.4078,0.7103,0.9160,15.1388,old 9.png
462,820,113.2965,0.8028,1.5573,0.6421,0.9377,32.3119,old 9.png
463,85,37.7990,0.7476,2.0409,0.4900,0.8947,10.4031,old 9.png
464,13,11.8995,1.0000,1.1592,0.8627,0.8966,4.0684,old 9.png
465,29,19.8995,0.9203,1.9440,0.5144,0.9508,6.0765,old 9.png
466,22,17.3137,0.9223,1.9200,0.5208,0.9167,5.2926,old 9.png
467,26,18.7279,0.9315,1.5825,0.6319,0.8667,5.7536,old 9.png
468,36,22.9706,0.8574,1.6390,0.6101,0.8571,6.7703,old 9.png
469,23,27.3137,0.3874,4.5713,0.2188,0.7302,5.4115,old 9.png
470,16,16.4853,0.7398,2.2776,0.4391,0.8649,4.5135,old 9.png
471,19,17.3137,0.7965,1.6481,0.6068,0.8444,4.9185,old 9.png
472,18,14.7279,1.0000,1.2204,0.8194,0.8571,4.7873,old 9.png
473,2,4.8284,1.0000,2.0000,0.5000,1.0000,1.5958,old 9.png
474,14,13.0711,1.0000,1.2386,0.8074,0.9333,4.2220,old 9.png
475,6,7.6569,1.0000,1.5000,0.6667,1.0000,2.7640,old 9.png
476,250,77.5980,0.5217,2.0318,0.4922,0.7622,17.8412,old 9.png
477,14,13.3137,0.9925,1.9277,0.5188,0.8750,4.2220,old 9.png
478,100,37.6985,0.8842,1.5672,0.6381,0.8889,11.2838,old 9.png
479,3,6.8284,0.8085,3.0000,0.3333,1.0000,1.9544,old 9.png
480,327,69.8406,0.8424,1.4004,0.7141,0.9224,20.4046,old 9.png
481,9,11.8995,0.7987,2.6272,0.3806,0.7826,3.3851,old 9.png
482,1534,213.6224,0.4224,1.3707,0.7296,0.7893,44.1945,old 9.png
483,24,16.7279,1.0000,1.2220,0.8184,0.9057,5.5279,old 9.png
484,341,67.8406,0.9311,1.0976,0.9111,0.9407,20.8369,old 9.png
485,210,57.1127,0.8090,1.8645,0.5363,0.9313,16.3518,old 9.png
486,580,118.9117,0.5155,3.7632,0.2657,0.8862,27.1750,old 9.png
487,102,37.6985,0.9019,1.2316,0.8120,0.8831,11.3961,old 9.png
488,36,23.7990,0.7987,1.8768,0.5328,0.8276,6.7703,old 9.png
489,7339,361.6224,0.7052,1.6565,0.6037,0.9320,96.6659,old 9.png
490,703,105.9828,0.7865,1.5799,0.6330,0.9380,29.9180,old 9.png
491,12,13.0711,0.8826,1.6095,0.6213,0.8889,3.9088,old 9.png
492,6,10.4853,0.6858,2.5188,0.3970,0.7059,2.7640,old 9.png
493,139,45.2132,0.8545,1.3860,0.7215,0.9145,13.3034,old 9.png
494,150,58.5269,0.5503,3.3818,0.2957,0.8824,13.8198,old 9.png
495,32,22.1421,0.8202,1.6527,0.6051,0.8421,6.3831,old 9.png
496,3,5.6569,1.0000,1.4638,0.6831,0.8571,1.9544,old 9.png
497,58,31.2132,0.7481,1.8986,0.5267,0.8657,8.5935,old 9.png
498,6937,380.9777,0.6006,1.0497,0.9527,0.9016,93.9812,old 9.png
499,433,82.5685,0.7981,1.7468,0.5725,0.9145,23.4800,old 9.png
500,8,10.4853,0.9144,1.9386,0.5158,0.8421,3.1915,old 9.png
501,46,24.7279,0.9453,1.4915,0.6705,0.9293,7.6530,old 9.png
502,1995,204.6934,0.5983,1.4376,0.6956,0.8607,50.3995,old 9.png
503,4415,486.7595,0.2342,1.4350,0.6968,0.7449,74.9757,old 9.png
504,12,14.4853,0.7187,2.3437,0.4267,0.8000,3.9088,old 9.png
505,5,7.6569,1.0000,1.5530,0.6439,0.9091,2.5231,old 9.png
506,195,56.5269,0.7669,1.8999,0.5263,0.9155,15.7570,old 9.png
507,4,5.6569,1.0000,1.0000,1.0000,1.0000,2.2568,old 9.png
508,144,43.4558,0.9582,1.0807,0.9253,0.9290,13.5406,old 9.png
509,59,31.2132,0.7610,2.2056,0.4534,0.8676,8.6672,old 9.png
510,45,23.5563,1.0000,1.1094,0.9014,0.9184,7.5694,old 9.png
511,17,14.7279,0.9849,1.1309,0.8842,0.8293,4.6524,old 9.png
512,276,83.5980,0.4963,1.5288,0.6541,0.7480,18.7460,old 9.png
513,2154,216.5097,0.5774,1.5561,0.6426,0.9030,52.3694,old 9.png
514,11,11.3137,1.0000,1.4505,0.6894,0.8462,3.7424,old 9.png
515,619,131.3381,0.4509,1.5938,0.6274,0.7595,28.0737,old 9.png
516,31,24.1421,0.6684,2.7616,0.3621,0.8378,6.2825,old 9.png
517,52,32.8701,0.6048,1.8676,0.5355,0.7324,8.1369,old 9.png
518,2,4.2426,1.0000,2.0000,0.5000,1.0000,1.5958,old 9.png
519,80,38.0416,0.6947,2.0968,0.4769,0.8511,10.0925,old 9.png
520,72,34.0416,0.7808,2.0115,0.4971,0.8675,9.5746,old 9.png
521,61,28.9706,0.9133,1.2945,0.7725,0.8971,8.8129,old 9.png
522,194,53.1127,0.8642,1.6927,0.5908,0.9349,15.7165,old 9.png
523,26,17.3137,1.0000,1.1835,0.8449,0.9286,5.7536,old 9.png
524,4,5.6569,1.0000,1.0000,1.0000,1.0000,2.2568,old 9.png
525,51,35.3137,0.5139,4.3026,0.2324,0.8947,8.0582,old 9.png
526,359,157.8823,0.1810,1.5248,0.6558,0.4681,21.3797,old 9.png
527,51,24.9706,1.0000,1.0359,0.9654,0.9189,8.0582,old 9.png
528,15,13.3137,1.0000,1.2948,0.7723,0.8571,4.3702,old 9.png
529,45,24.1421,0.9702,1.5486,0.6457,0.9278,7.5694,old 9.png
530,231,56.3848,0.9131,1.1114,0.8998,0.9665,17.1499,old 9.png
531,205,57.6985,0.7738,1.3910,0.7189,0.9234,16.1559,old 9.png
532,85,41.2132,0.6289,1.8512,0.5402,0.8293,10.4031,old 9.png
533,44,48.6274,0.2338,4.7231,0.2117,0.5146,7.4848,old 9.png
534,18,15.8995,0.8948,2.3085,0.4332,0.9231,4.7873,old 9.png
535,2,4.2426,1.0000,2.0000,0.5000,1.0000,1.5958,old 9.png
536,10,13.0711,0.7355,2.6864,0.3723,0.9091,3.5682,old 9.png
537,6,9.0711,0.9163,1.8091,0.5528,0.8571,2.7640,old 9.png
538,2,4.2426,1.0000,2.0000,0.5000,1.0000,1.5958,old 9.png
