Skeleton ID,Branch length,V1 x,V1 y,V1 z,V2 x,V2 y,V2 z,Euclidean distance,running average length,average intensity (inner 3rd),average intensity
3,5.3258,5.6358,0.0335,0,10.7582,0.0781,0,5.1226,5.1763,255,255
3,4.8198,0.5134,0.1674,0,5.1113,0.0335,0,4.5999,4.6752,255,255
3,4.1874,17.9341,0.0335,0,22.0522,0.1562,0,4.1199,4.1374,255,255
3,3.2193,22.6994,3.2029,0,22.7106,0.2232,0,2.9797,3.1150,255,255
3,3.1299,17.1641,15.4343,0,20.2108,15.4343,0,3.0467,3.0549,255,255
3,3.0886,21.0143,15.2334,0,22.7329,14.2067,0,2.0020,2.9582,255,255
3,2.8209,10.7582,0.0781,0,13.4590,0.1451,0,2.7015,2.7420,255,255
3,2.7759,0.1228,4.5644,0,0.1674,1.9642,0,2.6007,2.6729,255,255
3,2.4534,0.1451,11.2381,0,0.2232,8.9280,0,2.3114,2.4051,255,255
3,2.3764,20.4340,8.8499,0,22.2307,9.6869,0,1.9821,2.2297,255,255
3,2.3713,0.0223,4.7765,0,0.0670,7.1201,0,2.3440,2.3409,255,255
3,2.2106,20.6014,6.9415,0,22.6548,6.6290,0,2.0771,2.0853,255,255
3,2.0509,2.0981,2.0311,0,0.1674,1.9642,0,1.9318,1.9632,255,255
3,2.0258,22.6436,5.6804,0,22.7664,3.7609,0,1.9234,2.0021,255,255
3,1.8318,6.1826,15.3227,0,7.9682,15.4343,0,1.7891,1.7732,255,255
3,1.7695,0.0446,15.2892,0,0.1004,13.5706,0,1.7195,1.7302,255,255
3,1.7341,2.7119,15.4343,0,4.3859,15.2892,0,1.6803,1.6763,255,255
3,1.5244,20.3335,14.2960,0,21.0143,15.2334,0,1.1585,1.4327,255,255
3,1.4721,19.2510,5.9706,0,20.2554,6.4728,0,1.1230,1.3697,255,255
3,1.3990,0.1339,0.6808,0,0.1674,1.9642,0,1.2838,1.3361,255,255
3,1.3462,22.7329,14.2067,0,22.7552,12.9344,0,1.2724,1.2893,255,255
3,1.3446,13.2134,15.4343,0,14.5303,15.4343,0,1.3169,1.3124,255,255
3,1.3377,16.3494,0.1228,0,17.5993,0.1116,0,1.2500,1.2954,255,255
3,1.2158,13.4924,0.1339,0,14.5973,0.1562,0,1.1051,1.1442,255,255
3,1.1699,1.0379,15.4343,0,2.1985,15.4343,0,1.1606,1.1517,255,255
3,1.1145,15.3227,0.1116,0,16.3494,0.1228,0,1.0268,1.0662,255,255
3,1.1123,21.7508,11.6957,0,22.6994,12.0528,0,1.0136,1.0438,255,255
3,1.1011,22.6436,5.6804,0,22.6548,6.6290,0,0.9487,1.0300,255,255
3,1.0714,11.8296,15.4343,0,12.9010,15.4343,0,1.0714,1.0602,255,255
3,1.0653,0.1116,7.9459,0,0.2232,8.9280,0,0.9884,1.0172,255,255
3,1.0331,22.5209,8.8834,0,22.6771,9.7092,0,0.8405,0.9858,255,255
3,1.0138,0.1451,11.2381,0,0.2232,12.1086,0,0.8740,0.9682,255,255
3,1.0061,21.2040,8.4258,0,21.9629,7.9459,0,0.8979,0.9455,255,255
3,0.9972,21.7508,12.1979,0,22.3870,12.6778,0,0.7968,0.9122,255,255
3,0.9860,22.0522,0.1562,0,22.7106,0.2232,0,0.6618,0.9493,255,255
3,0.9760,22.6994,12.0528,0,22.7552,12.9344,0,0.8834,0.9014,255,255
3,0.9754,0.6250,9.2851,0,1.0714,9.5530,0,0.5206,0.8998,255,255
3,0.9691,0.1674,13.0349,0,0.2009,12.2090,0,0.8265,0.9365,255,255
3,0.9244,9.4414,15.4120,0,10.3565,15.4343,0,0.9154,0.9067,255,255
3,0.9114,22.5209,8.8834,0,22.7776,8.1245,0,0.8011,0.8645,255,255
3,0.9040,16.1039,15.4343,0,17.0078,15.4343,0,0.9040,0.8928,255,255
3,0.9017,7.1424,15.2222,0,6.3054,15.1330,0,0.8417,0.8484,255,255
3,0.8856,21.2263,11.5729,0,21.4718,12.1309,0,0.6096,0.8157,255,255
3,0.8837,0.1339,0.6808,0,0.4241,0.1786,0,0.5800,0.8606,255,255
3,0.8783,5.0220,0.2232,0,5.7139,0.4352,0,0.7237,0.7932,255,255
3,0.8752,1.0714,9.5530,0,1.7186,9.2182,0,0.7287,0.7953,255,255
3,0.8625,16.5056,0.7589,0,15.7356,0.6026,0,0.7857,0.8061,255,255
3,0.8483,4.3859,15.2892,0,5.0666,15.3115,0,0.6811,0.7771,255,255
3,0.8155,10.6355,15.3785,0,11.4278,15.4343,0,0.7943,0.7750,255,255
3,0.8089,22.7887,10.4346,0,22.8222,11.2046,0,0.7708,0.7621,255,255
3,0.8086,22.6771,9.7092,0,22.7887,10.4346,0,0.7339,0.7449,255,255
3,0.7732,4.3859,15.2892,0,5.0666,15.3115,0,0.6811,0.7321,255,255
3,0.7204,0.1674,13.0349,0,0.3571,12.5438,0,0.5264,0.6642,255,255
3,0.7174,22.6548,7.5107,0,22.7776,8.1245,0,0.6260,0.6478,255,255
3,0.7047,22.0522,0.1562,0,22.7106,0.2232,0,0.6618,0.6794,255,255
3,0.7028,22.0856,14.0951,0,22.7329,14.2067,0,0.6568,0.6523,255,255
3,0.6897,15.1441,0.3906,0,15.6798,0.5915,0,0.5721,0.6403,255,255
3,0.6820,0.1339,0.6808,0,0.6696,0.4352,0,0.5893,0.6134,255,255
3,0.6512,20.2554,6.4728,0,20.6014,6.9415,0,0.5826,0.5874,255,255
3,0.6493,21.2263,11.5729,0,21.5165,12.0863,0,0.5897,0.6182,255,255
3,0.6477,22.6994,3.2029,0,22.7664,3.7609,0,0.5620,0.5818,255,255
3,0.6474,2.3882,8.9838,0,1.9530,9.3856,0,0.5923,0.6077,255,255
3,0.6423,22.7218,11.8184,0,22.8222,11.2270,0,0.5999,0.6168,255,255
3,0.6366,21.5165,8.7048,0,21.9740,8.9280,0,0.5091,0.5731,255,255
3,0.6361,15.2222,15.4343,0,15.8584,15.4343,0,0.6361,0.6250,255,255
3,0.6350,5.0666,15.3115,0,5.6693,15.2780,0,0.6036,0.5977,255,255
3,0.6293,14.7535,0.0558,0,15.3227,0.1116,0,0.5719,0.5915,255,255
3,0.6265,0.1339,15.4008,0,0.7142,15.3562,0,0.5820,0.5778,255,255
3,0.6205,21.7843,9.3186,0,22.2754,9.6311,0,0.5820,0.5879,255,255
3,0.6093,20.0992,14.9879,0,20.5790,15.3004,0,0.5727,0.5552,255,255
3,0.6020,21.6504,14.2178,0,22.0856,14.0951,0,0.4522,0.5565,255,255
3,0.6004,0.1004,13.5706,0,0.1674,13.0349,0,0.5398,0.5586,255,255
3,0.5889,0.2232,8.9280,0,0.6250,9.2851,0,0.5375,0.5237,255,255
3,0.5835,22.3200,12.1867,0,22.3870,12.6778,0,0.4956,0.5528,255,255
3,0.5827,19.1059,15.1218,0,19.6193,14.9544,0,0.5400,0.5461,255,255
3,0.5777,19.9876,9.0396,0,20.4340,8.8499,0,0.4850,0.5354,255,255
3,0.5685,20.7018,6.1938,0,20.2554,6.4728,0,0.5264,0.5241,255,255
3,0.5634,8.2919,15.4343,0,8.8276,15.4120,0,0.5361,0.5158,255,255
3,0.5558,21.2598,11.5394,0,21.7508,11.6957,0,0.5153,0.5308,255,255
3,0.5527,0.8593,14.0504,0,0.8147,14.4857,0,0.4375,0.5241,255,255
3,0.5389,0.6808,9.2740,0,1.0714,9.5530,0,0.4800,0.4676,255,255
3,0.5334,14.6754,0.2567,0,15.1441,0.3906,0,0.4875,0.4895,255,255
3,0.5315,21.6950,8.6378,0,22.1191,8.8276,0,0.4646,0.4955,255,255
3,0.5280,5.1448,0.0558,0,5.6358,0.0335,0,0.4915,0.4779,255,255
3,0.5261,22.1749,7.5107,0,22.6548,7.5107,0,0.4799,0.4928,255,255
3,0.5231,22.6548,7.5107,0,22.8110,7.0866,0,0.4519,0.4720,255,255
3,0.5157,21.6504,14.2178,0,22.0633,14.3741,0,0.4415,0.4499,255,255
3,0.5073,22.3870,12.6778,0,22.7552,12.9344,0,0.4489,0.4592,255,255
3,0.5030,19.6193,14.9544,0,20.0992,14.9879,0,0.4810,0.4767,255,255
3,0.4877,21.5165,12.0863,0,21.7508,11.6957,0,0.4555,0.4474,255,255
3,0.4869,10.4904,0.3571,0,10.8698,0.1674,0,0.4242,0.4426,255,255
3,0.4861,0.0893,15.3004,0,0.5245,15.2669,0,0.4365,0.4318,255,255
3,0.4765,22.4874,10.0440,0,22.2307,9.6869,0,0.4398,0.4490,255,255
3,0.4630,20.5790,15.3004,0,21.0143,15.2334,0,0.4404,0.4219,255,255
3,0.4577,20.1103,9.1735,0,20.4340,8.8499,0,0.4577,0.4261,255,255
3,0.4561,22.6548,6.6290,0,22.7999,6.9973,0,0.3958,0.4389,255,255
3,0.4542,21.2040,8.4258,0,21.5165,8.7048,0,0.4189,0.4143,255,255
3,0.4518,0.0781,7.3321,0,0.1004,7.7562,0,0.4247,0.3848,255,255
3,0.4507,15.9588,0.3013,0,16.3494,0.2009,0,0.4033,0.4025,255,255
3,0.4434,5.6358,0.0335,0,5.7139,0.4352,0,0.4093,0.4118,255,255
3,0.4357,21.2598,11.5394,0,21.4607,11.1935,0,0.4001,0.4018,255,255
3,0.4341,22.2754,9.6311,0,22.6771,9.7092,0,0.4093,0.4008,255,255
3,0.4303,20.7130,7.3098,0,20.6014,6.9415,0,0.3848,0.4183,255,255
3,0.4292,1.0379,0.1897,0,0.6919,0.3906,0,0.4001,0.4095,255,255
3,0.4249,22.1191,8.8276,0,22.5209,8.8834,0,0.4056,0.3855,255,255
3,0.4123,15.7356,0.6026,0,15.9588,0.3013,0,0.3750,0.3609,255,255
3,0.4115,0.7254,8.9615,0,0.6808,9.2740,0,0.3157,0.3867,255,255
3,0.4096,15.6910,0.5580,0,15.9588,0.3013,0,0.3710,0.3841,255,255
3,0.4057,21.6950,8.6378,0,21.9740,8.9280,0,0.4025,0.3871,255,255
3,0.3995,0.2009,12.2090,0,0.3571,12.5438,0,0.3695,0.3228,255,255
3,0.3941,1.1718,14.4187,0,0.8147,14.4857,0,0.3633,0.3713,255,255
3,0.3919,0.8035,11.8742,0,0.5468,12.1532,0,0.3791,0.3658,255,255
3,0.3837,20.0434,14.9098,0,20.1103,14.5973,0,0.3196,0.3490,255,255
3,0.3726,22.1080,8.2584,0,21.9629,7.9459,0,0.3445,0.3591,255,255
3,0.3710,5.6693,15.2780,0,6.0264,15.2892,0,0.3573,0.3478,255,255
3,0.3584,0.4241,0.1786,0,0.6696,0.4352,0,0.3552,0.3240,255,255
3,0.3541,22.3312,5.5800,0,22.6436,5.6804,0,0.3282,0.3339,255,255
3,0.3530,15.1441,0.3906,0,15.3227,0.1116,0,0.3312,0.3078,255,255
3,0.3522,0.0223,4.7765,0,0.1228,4.5644,0,0.2346,0.3061,255,255
3,0.3483,1.0937,14.7647,0,0.8147,14.9321,0,0.3254,0.3361,255,255
3,0.3475,0.7031,15.2334,0,0.8147,14.9321,0,0.3213,0.3051,255,255
3,0.3475,0.7031,14.6308,0,0.8147,14.9321,0,0.3213,0.3080,255,255
3,0.3421,0.2232,12.1086,0,0.5468,12.1532,0,0.3267,0.3090,255,255
3,0.3421,7.9682,15.4343,0,8.2919,15.4343,0,0.3236,0.3086,255,255
3,0.3337,20.0099,14.3518,0,20.2331,14.2848,0,0.2330,0.2927,255,255
3,0.3329,7.9682,15.4343,0,8.2919,15.4343,0,0.3236,0.3127,255,255
3,0.3252,17.6886,0.1562,0,17.9341,0.0335,0,0.2745,0.2763,255,255
3,0.3233,16.5838,0.3683,0,16.3494,0.2009,0,0.2880,0.2964,255,255
3,0.3198,14.6419,15.4343,0,14.9432,15.4343,0,0.3013,0.2863,255,255
3,0.3106,14.6419,15.4343,0,14.9432,15.4343,0,0.3013,0.2904,255,255
3,0.3102,0.0670,7.1201,0,0.0781,7.3321,0,0.2123,0.2635,255,255
3,0.3067,21.4718,12.1309,0,21.7508,12.1979,0,0.2869,0.2514,255,255
3,0.3056,21.6392,10.9814,0,21.4607,11.1935,0,0.2772,0.2943,255,255
3,0.3037,1.7186,9.2182,0,1.9530,9.3856,0,0.2880,0.2902,255,255
3,0.3029,6.0487,15.1999,0,6.3054,15.1330,0,0.2653,0.2741,255,255
3,0.3010,22.3088,14.5080,0,22.0633,14.3741,0,0.2797,0.2770,255,255
3,0.3010,20.3335,15.4343,0,20.5790,15.3004,0,0.2797,0.2604,255,255
3,0.2975,14.9432,15.4343,0,15.2222,15.4343,0,0.2790,0.2528,255,255
3,0.2972,0.5134,0.1674,0,0.6919,0.3906,0,0.2858,0.2592,255,255
3,0.2956,5.9818,0.4576,0,5.7139,0.4352,0,0.2688,0.2748,255,255
3,0.2898,5.8255,15.0548,0,6.0487,15.1999,0,0.2662,0.2479,255,255
3,0.2898,20.1326,14.4187,0,20.3335,14.2960,0,0.2354,0.2531,255,255
3,0.2882,14.9432,15.4343,0,15.2222,15.4343,0,0.2790,0.2569,255,255
3,0.2882,22.0633,14.3741,0,22.0856,14.0951,0,0.2799,0.2455,255,255
3,0.2879,5.6693,15.2780,0,5.8255,15.0548,0,0.2725,0.2738,255,255
3,0.2852,22.5767,11.0930,0,22.6994,11.1488,0,0.1348,0.2396,255,255
3,0.2825,21.9629,7.9459,0,22.2084,7.9236,0,0.2465,0.2351,255,255
3,0.2806,19.6193,14.9209,0,19.6862,14.6866,0,0.2437,0.2507,255,255
3,0.2752,11.4278,15.4343,0,11.6845,15.4343,0,0.2567,0.2417,255,255
3,0.2721,13.4924,0.1339,0,13.5929,0.3460,0,0.2346,0.2422,255,255
3,0.2713,22.2084,7.9236,0,22.2084,7.9236,0,0.0000,0.2165,255,255
3,0.2702,14.6754,0.2567,0,14.7535,0.0558,0,0.2155,0.2333,255,255
3,0.2694,13.4590,0.1451,0,13.5929,0.3460,0,0.2414,0.2301,255,255
3,0.2659,9.1847,15.4343,0,9.4414,15.4120,0,0.2576,0.2355,255,255
3,0.2659,11.4278,15.4343,0,11.6845,15.4343,0,0.2567,0.2457,255,255
3,0.2629,22.5209,11.7068,0,22.7218,11.8184,0,0.2298,0.2455,255,255
3,0.2629,0.0223,4.7765,0,0.1228,4.5644,0,0.2346,0.2158,255,255
3,0.2602,22.3646,10.9926,0,22.5767,11.0930,0,0.2346,0.2353,255,255
3,0.2583,5.0220,0.2232,0,5.1113,0.0335,0,0.2097,0.2250,255,255
3,0.2482,0.0446,15.2892,0,0.1339,15.4008,0,0.1429,0.2087,255,255
3,0.2444,19.7755,8.9615,0,19.9876,9.0396,0,0.2260,0.2434,255,255
3,0.2436,22.6994,12.0528,0,22.7218,11.8184,0,0.2354,0.2009,255,255
3,0.2425,19.6862,14.5638,0,19.8760,14.4968,0,0.2012,0.2086,255,255
3,0.2406,6.1826,15.3227,0,6.3054,15.1330,0,0.2260,0.2107,255,255
3,0.2379,19.5746,14.7200,0,19.6193,14.9209,0,0.2058,0.1966,255,255
3,0.2259,0.0670,7.1201,0,0.0781,7.3321,0,0.2123,0.1908,255,255
3,0.2248,5.0220,0.2232,0,5.1448,0.0558,0,0.2076,0.1955,255,255
3,0.2248,17.5993,0.1116,0,17.7779,0.0223,0,0.1996,0.1995,255,255
3,0.2248,19.5746,14.7200,0,19.6862,14.5638,0,0.1920,0.1957,255,255
3,0.2240,22.5878,10.4011,0,22.7887,10.4346,0,0.2037,0.2117,255,255
3,0.2117,21.9740,8.9280,0,22.1191,8.8276,0,0.1765,0.1701,255,255
3,0.2109,0.7142,15.3562,0,0.8928,15.4343,0,0.1949,0.1999,255,255
3,0.2108,0.2120,7.3210,0,0.0781,7.3321,0,0.1344,0.1910,255,255
3,0.2101,8.8276,15.4120,0,9.0284,15.4343,0,0.2021,0.1909,255,255
3,0.2082,10.4569,15.4343,0,10.6355,15.3785,0,0.1871,0.1865,255,255
3,0.2071,19.8760,14.4968,0,20.0099,14.3518,0,0.1974,0.1608,255,255
3,0.2063,21.5165,8.7048,0,21.6950,8.6378,0,0.1907,0.1801,255,255
3,0.2044,0.5245,12.4546,0,0.3571,12.5438,0,0.1897,0.1844,255,255
3,0.2044,21.4607,11.1935,0,21.6281,11.2828,0,0.1897,0.1480,255,255
3,0.2025,20.2666,9.2851,0,20.1103,9.1735,0,0.1920,0.1932,255,255
3,0.2017,0.5245,14.6866,0,0.7031,14.6308,0,0.1871,0.1860,255,255
3,0.1990,11.0596,0.1674,0,10.8698,0.1674,0,0.1897,0.1797,255,255
3,0.1978,0.7031,14.6308,0,0.8147,14.4857,0,0.1830,0.1676,255,255
3,0.1978,14.5973,0.1562,0,14.7535,0.0558,0,0.1857,0.1770,255,255
3,0.1978,19.9876,9.0396,0,20.1103,9.1735,0,0.1817,0.1665,255,255
3,0.1943,0.1004,7.7562,0,0.1116,7.9459,0,0.1900,0.1562,255,255
3,0.1924,0.5245,15.2669,0,0.7031,15.2334,0,0.1817,0.1597,255,255
3,0.1867,0.2567,8.0464,0,0.1116,7.9459,0,0.1765,0.1803,255,255
3,0.1859,15.8584,15.4343,0,16.0258,15.4343,0,0.1674,0.1524,255,255
3,0.1840,13.7491,0.4129,0,13.5929,0.3460,0,0.1700,0.1691,255,255
3,0.1794,0.6026,12.3095,0,0.5468,12.1532,0,0.1659,0.1634,255,255
3,0.1774,15.6128,0.4129,0,15.6910,0.5580,0,0.1648,0.1624,255,255
3,0.1766,15.8584,15.4343,0,16.0258,15.4343,0,0.1674,0.1565,255,255
3,0.1755,20.1326,14.4187,0,20.2331,14.2848,0,0.1674,0.1482,255,255
3,0.1747,1.9530,9.5418,0,1.9530,9.3856,0,0.1562,0.1634,255,255
3,0.1747,9.0284,15.4343,0,9.1847,15.4343,0,0.1562,0.1412,255,255
3,0.1747,17.0078,15.4343,0,17.1641,15.4343,0,0.1562,0.1412,255,255
3,0.1709,17.6886,0.1562,0,17.7779,0.0223,0,0.1610,0.1340,255,255
3,0.1701,6.0264,15.2892,0,6.1826,15.3227,0,0.1598,0.1559,255,255
3,0.1701,17.7779,0.0223,0,17.9341,0.0335,0,0.1566,0.1462,255,255
3,0.1655,2.1985,15.4343,0,2.3436,15.4231,0,0.1455,0.1453,255,255
3,0.1655,9.0284,15.4343,0,9.1847,15.4343,0,0.1562,0.1453,255,255
3,0.1655,17.0078,15.4343,0,17.1641,15.4343,0,0.1562,0.1453,255,255
3,0.1636,0.8928,15.4343,0,1.0379,15.4343,0,0.1451,0.1301,255,255
3,0.1617,8.7048,15.3562,0,8.8276,15.4120,0,0.1348,0.1455,255,255
3,0.1597,19.9764,14.6084,0,19.8760,14.4968,0,0.1501,0.1482,255,255
3,0.1597,22.6548,8.0352,0,22.7776,8.1245,0,0.1518,0.1607,255,255
3,0.1597,20.0099,14.3518,0,20.1326,14.4187,0,0.1398,0.1452,255,255
3,0.1589,2.1985,15.4343,0,2.3436,15.4231,0,0.1455,0.1412,255,255
3,0.1543,0.8928,15.4343,0,1.0379,15.4343,0,0.1451,0.1341,255,255
3,0.1532,0.2120,7.6558,0,0.1004,7.7562,0,0.1501,0.1532,255,255
3,0.1505,10.5685,15.2557,0,10.6355,15.3785,0,0.1398,0.1487,255,255
3,0.1486,10.7582,0.0781,0,10.8698,0.1674,0,0.1429,0.1088,255,255
3,0.1478,19.6862,14.5638,0,19.6862,14.6866,0,0.1228,0.1035,255,255
3,0.1459,22.5767,11.0930,0,22.6994,11.1488,0,0.1348,0.1130,255,255
3,0.1459,22.6994,11.1488,0,22.8222,11.2046,0,0.1348,0.1142,255,255
3,0.1413,13.0907,15.4343,0,13.2134,15.4343,0,0.1228,0.0966,255,255
3,0.1413,20.2108,15.4343,0,20.3335,15.4343,0,0.1228,0.1078,255,255
3,0.1393,20.0210,14.7982,0,20.0434,14.9098,0,0.1138,0.1168,255,255
3,0.1393,14.5973,0.1562,0,14.6754,0.2567,0,0.1272,0.0986,255,255
3,0.1385,20.2442,14.5861,0,20.1103,14.5973,0,0.1344,0.1341,255,255
3,0.1347,22.6548,3.7051,0,22.7664,3.7609,0,0.1248,0.1340,255,255
3,0.1347,19.5746,14.7200,0,19.6862,14.6866,0,0.1165,0.1032,255,255
3,0.1320,2.3436,15.4231,0,2.4440,15.4231,0,0.1004,0.1007,255,255
3,0.1320,13.0907,15.4343,0,13.2134,15.4343,0,0.1228,0.1007,255,255
3,0.1320,20.2108,15.4343,0,20.3335,15.4343,0,0.1228,0.1118,255,255
3,0.1301,5.7139,15.0325,0,5.8255,15.0548,0,0.1138,0.1192,255,255
3,0.1301,14.5303,15.4343,0,14.6419,15.4343,0,0.1116,0.0966,255,255
3,0.1282,0.4352,15.3450,0,0.5245,15.2669,0,0.1186,0.1166,255,255
3,0.1274,0.7031,15.2334,0,0.7142,15.3562,0,0.1233,0.1004,255,255
3,0.1255,0.0893,15.3004,0,0.1339,15.4008,0,0.1099,0.0966,255,255
3,0.1236,9.5306,15.3450,0,9.4414,15.4120,0,0.1116,0.1135,255,255
3,0.1208,2.4440,15.4231,0,2.5333,15.4231,0,0.0893,0.0895,255,255
3,0.1208,14.5303,15.4343,0,14.6419,15.4343,0,0.1116,0.1007,255,255
3,0.1189,10.3565,15.4343,0,10.4569,15.4343,0,0.1004,0.0854,255,255
3,0.1189,12.9902,15.4343,0,13.0907,15.4343,0,0.1004,0.0854,255,255
3,0.1143,17.5993,0.1116,0,17.6886,0.1562,0,0.0998,0.0889,255,255
3,0.1105,0.1786,13.6487,0,0.1004,13.5706,0,0.1105,0.1105,255,255
3,0.1105,22.7329,7.0085,0,22.8110,7.0866,0,0.1105,0.0789,255,255
3,0.1097,21.5500,14.1955,0,21.6504,14.2178,0,0.1029,0.1025,255,255
3,0.1097,0.2009,12.2090,0,0.2232,12.1086,0,0.1029,0.0788,255,255
3,0.1097,2.3436,15.4231,0,2.4440,15.4231,0,0.1004,0.0895,255,255
3,0.1097,10.3565,15.4343,0,10.4569,15.4343,0,0.1004,0.0895,255,255
3,0.1097,12.9902,15.4343,0,13.0907,15.4343,0,0.1004,0.0895,255,255
3,0.1097,22.7999,6.9973,0,22.8110,7.0866,0,0.0900,0.0670,255,255
3,0.1078,0.2344,11.2828,0,0.1451,11.2381,0,0.0998,0.1080,255,255
3,0.1051,20.2331,14.2848,0,20.3335,14.2960,0,0.1011,0.0783,255,255
3,0.1012,20.0434,14.9098,0,20.0992,14.9879,0,0.0960,0.0653,255,255
3,0.0985,2.4440,15.4231,0,2.5333,15.4231,0,0.0893,0.0783,255,255
3,0.0985,6.0264,15.2892,0,6.0487,15.1999,0,0.0920,0.0808,255,255
3,0.0966,21.7062,11.2381,0,21.6281,11.2828,0,0.0900,0.0935,255,255
3,0.0966,16.0258,15.4343,0,16.1039,15.4343,0,0.0781,0.0512,255,255
3,0.0939,0.4241,0.1786,0,0.5134,0.1674,0,0.0900,0.0781,255,255
3,0.0920,21.7062,11.3162,0,21.6281,11.2828,0,0.0850,0.0680,255,255
3,0.0901,22.6325,3.1471,0,22.6994,3.2029,0,0.0872,0.0917,255,255
3,0.0874,2.5333,15.4231,0,2.6003,15.4343,0,0.0679,0.0446,255,255
3,0.0874,16.0258,15.4343,0,16.1039,15.4343,0,0.0781,0.0560,255,255
3,0.0808,2.5333,15.4231,0,2.6003,15.4343,0,0.0679,0.0466,255,255
3,0.0781,16.3494,0.1228,0,16.3494,0.2009,0,0.0781,0.0446,255,255
3,0.0743,2.6561,15.4343,0,2.7119,15.4343,0,0.0558,0.0394,255,255
3,0.0743,11.6845,15.4343,0,11.7403,15.4343,0,0.0558,0.0269,255,255
3,0.0743,12.9010,15.4343,0,12.9568,15.4343,0,0.0558,0.0394,255,255
3,0.0743,22.2307,9.6869,0,22.2754,9.6311,0,0.0715,0.0417,255,255
3,0.0716,22.7329,7.0085,0,22.7999,6.9973,0,0.0679,0.0558,255,255
3,0.0650,22.6771,7.0308,0,22.7329,7.0085,0,0.0601,0.0589,255,255
3,0.0650,2.6561,15.4343,0,2.7119,15.4343,0,0.0558,0.0450,255,255
3,0.0650,11.6845,15.4343,0,11.7403,15.4343,0,0.0558,0.0341,255,255
3,0.0650,12.9010,15.4343,0,12.9568,15.4343,0,0.0558,0.0450,255,255
3,0.0631,11.7850,15.4343,0,11.8296,15.4343,0,0.0446,0.0269,255,255
3,0.0631,21.4718,12.1309,0,21.5165,12.0863,0,0.0631,0.0158,255,255
3,0.0604,0.6250,9.2851,0,0.6808,9.2740,0,0.0569,0.0335,255,255
3,0.0604,15.6798,0.5915,0,15.7356,0.6026,0,0.0569,0.0446,255,255
3,0.0558,2.6003,15.4343,0,2.6561,15.4343,0,0.0558,0.0446,255,255
3,0.0539,22.7776,11.2493,0,22.8222,11.2270,0,0.0499,0.0466,255,255
3,0.0539,0.6696,0.4352,0,0.6919,0.3906,0,0.0499,0.0348,255,255
3,0.0539,11.7850,15.4343,0,11.8296,15.4343,0,0.0446,0.0341,255,255
3,0.0493,0.0446,15.2892,0,0.0893,15.3004,0,0.0460,0.0223,255,255
3,0.0473,21.2263,11.5729,0,21.2598,11.5394,0,0.0473,0.0158,255,255
3,0.0446,11.7403,15.4343,0,11.7850,15.4343,0,0.0446,0.0335,255,255
3,0.0427,5.1113,0.0335,0,5.1448,0.0558,0,0.0402,0.0158,255,255
3,0.0381,1.7075,9.1847,0,1.7186,9.2182,0,0.0353,0.0341,255,255
3,0.0381,13.4590,0.1451,0,13.4924,0.1339,0,0.0353,0.0223,255,255
3,0.0381,15.6798,0.5915,0,15.6910,0.5580,0,0.0353,0.0158,255,255
3,0.0335,12.9568,15.4343,0,12.9902,15.4343,0,0.0335,0.0223,255,255
3,0.0335,19.6193,14.9209,0,19.6193,14.9544,0,0.0335,0.0112,255,255
3,0.0269,21.7732,12.1867,0,21.7508,12.1979,0,0.0250,0.0236,255,255
3,0.0223,22.8222,11.2046,0,22.8222,11.2270,0,0.0223,0.0000,0,0
3,0.0112,20.0992,14.5973,0,20.1103,14.5973,0,0.0112,0.0112,255,255
3,0.0112,21.1928,8.4258,0,21.2040,8.4258,0,0.0112,0.0112,255,255
4,0.0539,0.1897,6.8188,0,0.2344,6.8411,0,0.0499,0.0479,255,255
5,0.8298,1.8637,4.9439,0,1.2053,5.2117,0,0.7108,0.7662,255,255
5,0.3122,0.8370,5.8702,0,0.6138,5.8813,0,0.2235,0.2799,255,255
5,0.2975,0.4799,5.3791,0,0.5022,5.6581,0,0.2799,0.2708,255,255
5,0.2925,1.3280,5.5130,0,1.1048,5.3456,0,0.2790,0.2772,255,255
5,0.2906,0.5022,5.6581,0,0.7031,5.4572,0,0.2841,0.2765,255,255
5,0.2806,1.1160,5.4907,0,1.1941,5.6023,0,0.1362,0.2132,255,255
5,0.2740,0.2009,5.1782,0,0.4241,5.2564,0,0.2365,0.2529,255,255
5,0.2637,0.5245,5.7920,0,0.7142,5.6135,0,0.2605,0.2495,255,255
5,0.2621,0.8816,5.2675,0,1.1048,5.3456,0,0.2365,0.2433,255,255
5,0.2610,0.8258,5.0443,0,1.0156,4.9550,0,0.2097,0.2235,255,255
5,0.2544,0.6138,5.8813,0,0.7924,5.7139,0,0.2448,0.2212,255,255
5,0.2517,0.8816,5.2675,0,1.0044,5.0666,0,0.2354,0.2298,255,255
5,0.2471,0.4129,6.0487,0,0.5245,5.8478,0,0.2298,0.2285,255,255
5,0.2444,0.4241,5.1782,0,0.5803,5.0443,0,0.2058,0.2188,255,255
5,0.2406,0.2344,5.0778,0,0.4241,5.1782,0,0.2147,0.2243,255,255
5,0.2340,0.5803,5.0443,0,0.7142,5.2229,0,0.2232,0.2110,255,255
5,0.2294,0.7031,5.4572,0,0.7142,5.6135,0,0.1566,0.1644,255,255
5,0.1924,0.6473,5.0332,0,0.8258,5.0443,0,0.1789,0.1609,255,255
5,0.1821,0.6138,5.3122,0,0.7031,5.4572,0,0.1704,0.1723,255,255
5,0.1755,1.1048,5.3456,0,1.2053,5.2117,0,0.1674,0.1405,255,255
5,0.1755,1.1048,5.3456,0,1.1160,5.4907,0,0.1455,0.1301,255,255
5,0.1701,0.8370,5.2340,0,0.8482,5.0778,0,0.1566,0.1351,255,255
5,0.1701,0.8482,5.0778,0,1.0044,5.0666,0,0.1566,0.1470,255,255
5,0.1617,0.4799,5.3791,0,0.6138,5.3122,0,0.1497,0.1519,255,255
5,0.1570,0.6138,5.3122,0,0.7477,5.2564,0,0.1451,0.1291,255,255
5,0.1524,0.5022,5.6581,0,0.5245,5.7920,0,0.1358,0.1259,255,255
5,0.1459,0.4241,5.2564,0,0.4799,5.3791,0,0.1348,0.1179,255,255
5,0.1440,1.1160,5.4907,0,1.1941,5.6023,0,0.1362,0.1025,255,255
5,0.1420,0.7366,5.1336,0,0.8370,5.2340,0,0.1420,0.1263,255,255
5,0.1374,0.6473,5.0332,0,0.7366,5.1336,0,0.1344,0.1075,255,255
5,0.1374,1.1160,5.1113,0,1.2053,5.2117,0,0.1344,0.0969,255,255
5,0.1366,1.0156,4.8658,0,1.0156,4.9550,0,0.0893,0.1207,255,255
5,0.1347,1.0044,5.0666,0,1.0156,4.9550,0,0.1122,0.1019,255,255
5,0.1346,0.7477,5.2564,0,0.8370,5.2340,0,0.0920,0.1145,255,255
5,0.1328,0.7142,5.6135,0,0.7924,5.7139,0,0.1272,0.1062,255,255
5,0.1301,1.0044,5.0666,0,1.1160,5.1113,0,0.1202,0.0975,255,255
5,0.1170,1.0156,4.9550,0,1.1048,5.0220,0,0.1116,0.0510,255,255
5,0.1124,0.5245,5.8478,0,0.6138,5.8813,0,0.0954,0.0847,255,255
5,0.1031,1.1160,4.9327,0,1.1048,5.0220,0,0.0900,0.0931,255,255
5,0.1031,1.1048,5.0220,0,1.1160,5.1113,0,0.0900,0.0683,255,255
5,0.0985,0.7142,5.2229,0,0.7366,5.1336,0,0.0920,0.0670,255,255
5,0.0781,0.4241,5.1782,0,0.4241,5.2564,0,0.0781,0.0558,255,255
5,0.0716,0.5803,5.0443,0,0.6473,5.0332,0,0.0679,0.0558,255,255
5,0.0650,0.5245,5.7920,0,0.5245,5.8478,0,0.0558,0.0335,255,255
5,0.0585,1.2388,5.6358,0,1.1941,5.6023,0,0.0558,0.0613,255,255
5,0.0585,0.8370,5.2340,0,0.8816,5.2675,0,0.0558,0.0158,255,255
5,0.0473,0.7142,5.2229,0,0.7477,5.2564,0,0.0473,0.0158,255,255
5,0.0427,0.8258,5.0443,0,0.8482,5.0778,0,0.0402,0.0236,255,255
5,0.0335,0.8258,5.7139,0,0.7924,5.7139,0,0.0335,0.0335,255,255
7,0.2063,0.2678,1.3950,0,0.4464,1.4396,0,0.1841,0.1868,255,255
8,0.0427,0.2902,2.8123,0,0.3125,2.7788,0,0.0402,0.0370,255,255
9,0.0112,0.2902,6.7741,0,0.3013,6.7741,0,0.0112,0.0112,255,255
10,0.0112,0.2902,8.1468,0,0.3013,8.1468,0,0.0112,0.0112,255,255
11,0.4977,0.3571,9.8431,0,0.7031,10.1779,0,0.4814,0.4845,255,255
11,0.2648,0.5580,10.3565,0,0.7031,10.1779,0,0.2301,0.2357,255,255
11,0.0335,0.7366,10.1779,0,0.7031,10.1779,0,0.0335,0.0223,255,255
12,0.0158,0.4687,4.0622,0,0.4799,4.0734,0,0.0158,0.0158,255,255
13,0.0716,0.5245,4.1404,0,0.5915,4.1292,0,0.0679,0.0677,255,255
14,0.5192,0.8035,4.5310,0,1.1495,4.4305,0,0.3602,0.4438,255,255
14,0.3968,0.8035,4.5310,0,1.1495,4.4305,0,0.3602,0.3469,255,255
14,0.3133,1.5289,4.4640,0,1.2388,4.4082,0,0.2955,0.2977,255,255
14,0.3122,0.5468,4.6649,0,0.8035,4.5310,0,0.2895,0.2932,255,255
14,0.2925,1.2388,4.4082,0,1.4396,4.2408,0,0.2615,0.2551,255,255
14,0.0985,1.1495,4.4305,0,1.2388,4.4082,0,0.0920,0.0794,255,255
14,0.0446,1.4396,4.2854,0,1.4396,4.2408,0,0.0446,0.0446,255,255
14,0.0446,1.4843,4.2408,0,1.4396,4.2408,0,0.0446,0.0446,255,255
15,0.0223,0.6584,4.0957,0,0.6808,4.0957,0,0.0223,0.0223,255,255
16,0.2629,0.6696,8.0687,0,0.7924,8.2807,0,0.2450,0.2530,255,255
17,0.0112,0.7366,8.9057,0,0.7477,8.9057,0,0.0112,0.0112,255,255
18,0.3625,0.7700,1.5401,0,1.1048,1.5847,0,0.3378,0.3431,255,255
19,0.1478,0.7700,13.6264,0,0.7812,13.4924,0,0.1344,0.1363,255,255
21,0.0112,0.8816,5.5465,0,0.8928,5.5465,0,0.0112,0.0112,255,255
22,2.1237,0.9151,0.8928,0,1.6182,0.2232,0,0.9709,2.0204,255,255
23,0.0112,0.9598,3.9506,0,0.9598,3.9618,0,0.0112,0.0112,255,255
24,1.9743,1.0156,1.1272,0,2.8123,1.1830,0,1.7976,1.8809,255,255
24,1.2690,3.7721,0.2344,0,2.7788,0.8370,0,1.1618,1.2125,255,255
24,0.4988,3.2141,1.2388,0,2.8123,1.1830,0,0.4056,0.4801,255,255
24,0.3691,2.7788,0.8370,0,2.8123,1.1830,0,0.3476,0.3277,255,255
24,0.0762,2.7119,0.8147,0,2.7788,0.8370,0,0.0706,0.0690,255,255
25,0.3083,1.0602,13.6375,0,1.2946,13.8161,0,0.2946,0.2970,255,255
26,0.9275,1.6182,13.2246,0,1.2053,12.9010,0,0.5246,0.8614,255,255
26,0.4292,1.2053,12.5550,0,1.2053,12.9010,0,0.3460,0.3546,255,255
26,0.3429,1.3169,13.3697,0,1.1606,13.1242,0,0.2910,0.3011,255,255
26,0.2825,1.4508,12.6220,0,1.2053,12.5550,0,0.2545,0.2652,255,255
26,0.2417,1.1606,13.1242,0,1.2053,12.9010,0,0.2276,0.2086,255,255
26,0.1012,1.0825,13.1800,0,1.1606,13.1242,0,0.0960,0.0895,255,255
26,0.0493,1.1606,12.5438,0,1.2053,12.5550,0,0.0460,0.0450,255,255
27,0.4626,1.1383,15.3450,0,1.3504,14.9767,0,0.4250,0.4436,255,255
28,1.3752,1.1606,7.3210,0,1.6628,8.4816,0,1.2646,1.3025,255,255
29,0.0697,1.2388,6.0934,0,1.2834,6.0487,0,0.0631,0.0615,255,255
30,0.2898,1.2722,12.1421,0,1.5066,12.0082,0,0.2699,0.2756,255,255
31,0.1236,1.2834,6.8299,0,1.3838,6.7741,0,0.1149,0.1110,255,255
32,0.1821,1.2946,5.9036,0,1.4173,5.7920,0,0.1659,0.1754,255,255
33,0.0112,1.3169,5.5465,0,1.3169,5.5577,0,0.0112,0.0112,255,255
35,1.4018,1.0714,3.5377,0,1.3727,3.2699,0,0.4032,1.3494,255,255
35,0.4180,1.4508,3.3480,0,1.1495,3.5377,0,0.3561,0.3915,255,255
35,0.4123,1.0714,3.5377,0,1.3727,3.2699,0,0.4032,0.3745,255,255
35,0.3695,1.1495,3.5377,0,1.3727,3.2699,0,0.3486,0.3257,255,255
35,0.0966,1.0714,3.5377,0,1.1495,3.5377,0,0.0781,0.0606,255,255
36,0.0112,1.4731,6.2719,0,1.4731,6.2831,0,0.0112,0.0112,255,255
37,1.7543,2.0311,6.8746,0,3.2029,6.4393,0,1.2500,1.6401,255,255
37,1.1242,2.0423,6.5844,0,2.7454,5.8144,0,1.0427,1.0168,255,255
37,0.5135,1.6628,6.3947,0,2.0423,6.5844,0,0.4242,0.4766,255,255
37,0.5054,1.8191,6.9750,0,1.8191,6.9750,0,0.0000,0.4528,255,255
37,0.4746,1.6628,6.3947,0,2.0311,6.6514,0,0.4489,0.4279,255,255
37,0.4403,3.2141,6.2496,0,3.2364,6.0487,0,0.2021,0.3912,255,255
37,0.4376,2.7454,5.8144,0,2.8458,5.6246,0,0.2147,0.3928,255,255
37,0.3429,2.0646,6.0376,0,1.9642,6.3166,0,0.2965,0.3279,255,255
37,0.2629,1.8191,6.9750,0,2.0311,6.8746,0,0.2346,0.2258,255,255
37,0.2536,2.7454,5.8144,0,2.8458,5.6246,0,0.2147,0.2111,255,255
37,0.2379,3.2364,6.0487,0,3.3257,5.8478,0,0.2198,0.1939,255,255
37,0.2324,2.0311,6.6514,0,2.0311,6.8746,0,0.2232,0.1897,255,255
37,0.2286,3.2141,6.2496,0,3.2364,6.0487,0,0.2021,0.2124,255,255
37,0.2182,1.8302,6.2608,0,1.9530,6.4282,0,0.2076,0.1842,255,255
37,0.2117,1.9530,6.4282,0,2.0423,6.5844,0,0.1799,0.1789,255,255
37,0.2036,3.2029,6.4393,0,3.2141,6.2496,0,0.1900,0.1805,255,255
37,0.1859,3.0132,5.6470,0,2.8458,5.6246,0,0.1689,0.1811,255,255
37,0.1755,1.8302,6.2608,0,1.9642,6.3166,0,0.1451,0.1193,255,255
37,0.1597,1.7186,6.1715,0,1.6294,6.2942,0,0.1518,0.1524,255,255
37,0.1543,1.5624,6.0822,0,1.5289,6.2161,0,0.1380,0.1524,255,255
37,0.1505,1.9530,6.4282,0,1.9642,6.3166,0,0.1122,0.1040,255,255
37,0.1393,1.5289,6.2161,0,1.6294,6.2942,0,0.1272,0.0847,255,255
37,0.1208,1.6294,6.2942,0,1.6628,6.3947,0,0.1059,0.0995,255,255
37,0.0874,2.0311,6.6514,0,2.0423,6.5844,0,0.0679,0.0604,255,255
37,0.0743,3.2810,5.7920,0,3.3257,5.8478,0,0.0715,0.0732,255,255
37,0.0539,1.7856,6.2384,0,1.8302,6.2608,0,0.0499,0.0466,255,255
37,0.0446,3.2476,6.4393,0,3.2029,6.4393,0,0.0446,0.0446,255,255
37,0.0381,3.3592,5.8590,0,3.3257,5.8478,0,0.0353,0.0236,255,255
37,0.0223,1.5066,6.2161,0,1.5289,6.2161,0,0.0223,0.0223,255,255
38,0.5735,1.6070,2.4440,0,1.9418,2.5445,0,0.3495,0.5186,255,255
38,0.4199,1.6070,2.4440,0,1.9418,2.5445,0,0.3495,0.3799,255,255
38,0.3810,2.2766,2.4329,0,1.9418,2.5445,0,0.3529,0.3599,255,255
38,0.0985,1.5178,2.4440,0,1.6070,2.4440,0,0.0893,0.0897,255,255
39,0.4572,1.5736,14.8874,0,1.6405,15.2669,0,0.3853,0.4435,255,255
40,0.0269,1.6070,5.9929,0,1.6294,5.9818,0,0.0250,0.0283,255,255
41,0.9596,1.6405,11.4836,0,2.2766,12.0751,0,0.8686,0.8957,255,255
41,0.8649,1.6070,12.4769,0,2.2766,12.0751,0,0.7809,0.8021,255,255
41,0.5892,2.8012,12.0751,0,2.2766,12.0751,0,0.5245,0.5173,255,255
42,0.4992,1.6070,14.0839,0,1.8749,14.2402,0,0.3101,0.4579,255,255
42,0.4776,2.9686,13.9835,0,2.5780,14.1174,0,0.4129,0.4473,255,255
42,0.3614,1.9084,14.2513,0,2.0869,14.2513,0,0.1786,0.3269,255,255
42,0.3094,2.3213,14.2067,0,2.5780,14.1174,0,0.2718,0.2610,255,255
42,0.2686,2.0869,14.2513,0,2.3213,14.2067,0,0.2386,0.2378,255,255
42,0.2536,1.8860,14.0281,0,1.8749,14.2402,0,0.2123,0.2149,255,255
42,0.2063,1.9084,14.2513,0,2.0869,14.2513,0,0.1786,0.1839,255,255
42,0.1420,2.4775,14.0170,0,2.5780,14.1174,0,0.1420,0.1420,255,255
42,0.1413,2.3659,14.0839,0,2.3213,14.2067,0,0.1306,0.1386,255,255
42,0.0381,1.8749,14.2402,0,1.9084,14.2513,0,0.0353,0.0223,255,255
43,0.6670,1.9307,5.4684,0,2.0088,5.3568,0,0.1362,0.6024,255,255
43,0.2136,1.7633,5.5800,0,1.9307,5.4684,0,0.2012,0.1841,255,255
43,0.1728,1.8637,5.3122,0,2.0088,5.3568,0,0.1518,0.1585,255,255
43,0.1440,1.9307,5.4684,0,2.0088,5.3568,0,0.1362,0.1080,255,255
43,0.0901,1.7075,5.5130,0,1.7633,5.5800,0,0.0872,0.0917,255,255
43,0.0697,1.7968,5.6358,0,1.7633,5.5800,0,0.0651,0.0589,255,255
45,0.0158,1.7410,4.0846,0,1.7521,4.0957,0,0.0158,0.0158,255,255
46,0.0112,1.7521,15.3450,0,1.7633,15.3450,0,0.0112,0.0112,255,255
47,1.7693,2.0200,3.2922,0,2.6338,4.4752,0,1.3327,1.6626,255,255
47,0.4488,2.2878,4.5644,0,2.6338,4.4752,0,0.3573,0.3871,255,255
47,0.4207,2.6784,4.4528,0,2.6784,4.4528,0,0.0000,0.3651,255,255
47,0.3976,1.8860,4.3412,0,2.1539,4.5533,0,0.3416,0.3607,255,255
47,0.3807,2.1539,4.5533,0,2.2878,4.5644,0,0.1344,0.3434,255,255
47,0.1728,2.1539,4.5533,0,2.2878,4.5644,0,0.1344,0.1440,255,255
47,0.1597,1.8860,4.3412,0,1.9084,4.2185,0,0.1248,0.1127,255,255
47,0.1459,1.7856,4.1627,0,1.9084,4.2185,0,0.1348,0.1321,255,255
47,0.0901,1.8860,4.3412,0,1.9530,4.2854,0,0.0872,0.0473,255,255
47,0.0855,1.9084,4.2185,0,1.9530,4.2854,0,0.0805,0.0541,255,255
47,0.0789,2.0088,4.2296,0,1.9530,4.2854,0,0.0789,0.0789,255,255
47,0.0539,2.6338,4.4752,0,2.6784,4.4528,0,0.0499,0.0236,255,255
48,1.4771,1.8191,14.7200,0,3.1806,14.5526,0,1.3718,1.4041,255,255
49,0.7120,1.8302,12.6220,0,2.4775,12.4657,0,0.6659,0.6818,255,255
50,1.2462,1.9865,13.6040,0,2.9239,13.1911,0,1.0244,1.1586,255,255
50,0.6466,2.9462,13.6598,0,3.4708,13.5148,0,0.5442,0.6006,255,255
50,0.5269,3.3815,13.1800,0,3.4708,13.5148,0,0.3465,0.4726,255,255
50,0.3326,1.8414,13.8607,0,1.9865,13.6040,0,0.2948,0.3104,255,255
50,0.3268,2.9239,13.1911,0,3.1583,13.4143,0,0.3236,0.2841,255,255
50,0.3040,2.2766,13.5929,0,1.9865,13.6040,0,0.2904,0.2813,255,255
50,0.2983,3.2141,13.4143,0,3.4708,13.5148,0,0.2756,0.2495,255,255
50,0.2583,3.2476,13.3250,0,3.3815,13.1800,0,0.1974,0.2223,255,255
50,0.2082,2.9686,13.4590,0,3.1583,13.4143,0,0.1949,0.1938,255,255
50,0.2006,3.2476,13.3250,0,3.3815,13.1800,0,0.1974,0.1848,255,255
50,0.1031,3.2141,13.4143,0,3.2476,13.3250,0,0.0954,0.0830,255,255
50,0.0920,3.0020,13.1576,0,2.9239,13.1911,0,0.0850,0.0848,255,255
50,0.0650,3.1583,13.4143,0,3.2141,13.4143,0,0.0558,0.0450,255,255
51,0.4961,1.8414,15.3227,0,2.2543,15.1888,0,0.4341,0.4820,255,255
52,0.2240,2.0088,13.1242,0,2.2097,13.0907,0,0.2037,0.2124,255,255
53,0.0920,2.0311,4.4082,0,2.0981,4.3636,0,0.0805,0.0841,255,255
54,1.9595,1.6182,11.0261,0,2.6896,10.0440,0,1.4534,1.8130,255,255
54,1.5190,2.4106,11.3162,0,3.8279,11.3162,0,1.4173,1.4471,255,255
54,1.3240,2.9462,9.4414,0,2.6896,10.0440,0,0.6550,1.2625,255,255
54,1.0284,3.1136,11.8966,0,2.4106,11.3162,0,0.9116,0.9642,255,255
54,0.9899,1.6182,11.0261,0,2.4106,11.3162,0,0.8438,0.9141,255,255
54,0.8636,3.4931,9.8989,0,2.6896,10.0440,0,0.8165,0.8154,255,255
54,0.7825,3.4038,10.8364,0,3.8279,11.3162,0,0.6404,0.7318,255,255
54,0.5119,2.0423,10.8140,0,1.6182,11.0261,0,0.4741,0.4825,255,255
54,0.0585,3.8725,11.3497,0,3.8279,11.3162,0,0.0558,0.0585,255,255
55,0.4684,2.3771,8.5039,0,2.4440,8.0910,0,0.4183,0.4413,255,255
55,0.4523,2.0758,8.8052,0,2.3771,8.5039,0,0.4261,0.4388,255,255
55,0.3133,2.4106,7.8008,0,2.4440,8.0910,0,0.2921,0.2979,255,255
55,0.2841,2.3994,8.4928,0,2.6003,8.2919,0,0.2841,0.2683,255,255
55,0.2656,2.4440,8.0910,0,2.6003,8.2919,0,0.2545,0.2287,255,255
55,0.2471,2.5556,8.4928,0,2.6003,8.2919,0,0.2058,0.1885,255,255
55,0.1840,2.3994,8.4928,0,2.5556,8.4928,0,0.1562,0.1609,255,255
55,0.0939,2.6449,8.5039,0,2.5556,8.4928,0,0.0900,0.0895,255,255
55,0.0269,2.3771,8.5039,0,2.3994,8.4928,0,0.0250,0.0158,255,255
57,0.2278,2.0981,10.5685,0,2.3213,10.5797,0,0.2235,0.2243,255,255
60,0.3764,2.2432,0.8370,0,2.3101,0.5134,0,0.3305,0.3609,255,255
61,0.4518,2.3213,10.8475,0,2.7454,10.8922,0,0.4264,0.4316,255,255
62,0.0874,2.3994,1.9976,0,2.4775,2.0200,0,0.0812,0.0873,255,255
63,1.1128,2.4775,12.9233,0,3.2699,12.2760,0,1.0231,1.0432,255,255
64,0.3075,2.8570,3.0802,0,2.7342,2.8235,0,0.2845,0.2909,255,255
64,0.1971,2.5556,2.7788,0,2.7342,2.8235,0,0.1841,0.1841,255,255
64,0.1413,2.7900,2.7119,0,2.7342,2.8235,0,0.1248,0.1286,255,255
65,1.1208,2.5891,9.2516,0,3.5712,9.1400,0,0.9884,1.0552,255,255
66,0.0604,2.6672,12.4099,0,2.7230,12.3988,0,0.0569,0.0583,255,255
67,0.0112,2.7230,5.4349,0,2.7342,5.4349,0,0.0112,0.0112,255,255
68,0.1747,2.7454,13.6598,0,2.9016,13.6598,0,0.1562,0.1596,255,255
69,0.0427,2.8235,12.3653,0,2.8570,12.3430,0,0.0402,0.0417,255,255
70,1.0831,2.8458,12.9791,0,3.6382,12.3876,0,0.9888,1.0252,255,255
71,0.7558,4.0622,2.3101,0,3.3480,2.3436,0,0.7150,0.7263,255,255
71,0.4673,3.0244,2.0758,0,3.3480,2.3436,0,0.4201,0.4346,255,255
71,0.2871,3.2699,2.5891,0,3.3480,2.3436,0,0.2576,0.2586,255,255
72,0.2490,2.9686,4.9662,0,2.9686,4.9662,0,0.0000,0.1900,255,255
72,0.1886,2.9686,4.9662,0,3.0802,4.8434,0,0.1659,0.1562,255,255
72,0.0920,3.1136,4.7653,0,3.0802,4.8434,0,0.0850,0.0826,255,255
72,0.0631,3.1248,4.8881,0,3.0802,4.8434,0,0.0631,0.0473,255,255
73,0.0112,3.1360,5.0443,0,3.1471,5.0443,0,0.0112,0.0112,255,255
74,1.5268,4.0511,6.6290,0,4.8546,7.0308,0,0.8984,1.3907,255,255
74,1.3135,3.3368,8.6825,0,4.3636,8.4370,0,1.0557,1.2527,255,255
74,1.0477,3.2587,7.1982,0,4.0511,6.6290,0,0.9756,1.0087,255,255
74,1.0411,3.3592,7.8566,0,4.3078,7.7674,0,0.9528,0.9828,255,255
74,1.0329,3.3815,8.3142,0,4.3636,8.4370,0,0.9897,0.9885,255,255
74,0.7574,4.3078,7.7674,0,4.3636,8.4370,0,0.6719,0.7049,255,255
74,0.5546,4.5421,7.4437,0,4.8546,7.0643,0,0.4915,0.4810,255,255
74,0.5446,3.8614,8.0798,0,3.3815,8.1245,0,0.4820,0.5155,255,255
74,0.5089,4.3859,7.5776,0,4.5421,7.4437,0,0.2058,0.4700,255,255
74,0.3584,3.7944,6.3835,0,4.0511,6.6290,0,0.3552,0.3555,255,255
74,0.2771,3.3592,7.8566,0,3.3815,8.1245,0,0.2688,0.2468,255,255
74,0.2509,3.1360,7.8120,0,3.3592,7.8566,0,0.2276,0.2272,255,255
74,0.2379,4.3859,7.5776,0,4.5421,7.4437,0,0.2058,0.2137,255,255
74,0.2221,4.3078,7.7674,0,4.3859,7.5776,0,0.2052,0.1892,255,255
74,0.1897,3.3815,8.1245,0,3.3815,8.3142,0,0.1897,0.1562,255,255
74,0.1709,4.7430,6.9192,0,4.8546,7.0308,0,0.1578,0.1538,255,255
74,0.1709,4.9885,7.1536,0,4.8546,7.0643,0,0.1610,0.1633,255,255
74,0.1636,3.2364,8.3142,0,3.3815,8.3142,0,0.1451,0.1489,255,255
74,0.0335,4.8546,7.0308,0,4.8546,7.0643,0,0.0335,0.0112,255,255
75,0.0316,3.2029,4.8658,0,3.2252,4.8881,0,0.0316,0.0316,255,255
76,0.0893,3.2252,13.0795,0,3.3145,13.0795,0,0.0893,0.0893,255,255
78,2.3297,3.2810,10.3342,0,5.2787,9.6757,0,2.1034,2.1925,255,255
79,0.0743,3.3592,1.3504,0,3.4038,1.2946,0,0.0715,0.0756,255,255
80,0.5146,3.5935,3.5266,0,3.7051,3.9172,0,0.4062,0.4675,255,255
80,0.5092,4.1850,4.5644,0,3.7609,4.6872,0,0.4415,0.4816,255,255
80,0.5019,3.4150,4.0288,0,3.4708,4.4640,0,0.4388,0.4433,255,255
80,0.4811,3.5935,3.5266,0,3.8948,3.4931,0,0.3032,0.4380,255,255
80,0.4442,3.9618,3.7832,0,3.8948,3.4931,0,0.2978,0.4062,255,255
80,0.3895,3.7051,3.9172,0,3.7274,3.5935,0,0.3244,0.3364,255,255
80,0.3891,3.4708,4.4640,0,3.7609,4.6872,0,0.3661,0.3546,255,255
80,0.3810,3.4150,4.0288,0,3.7051,3.9172,0,0.3109,0.3465,255,255
80,0.2686,3.7498,4.4417,0,3.7609,4.6872,0,0.2458,0.2558,255,255
80,0.2090,3.7274,3.5935,0,3.8948,3.4931,0,0.1952,0.1636,255,255
80,0.1747,3.3703,3.8725,0,3.4150,4.0288,0,0.1625,0.1613,255,255
80,0.1617,3.5935,3.5266,0,3.7274,3.5935,0,0.1497,0.1507,255,255
80,0.1059,3.4038,4.5421,0,3.4708,4.4640,0,0.1029,0.1059,255,255
81,1.4793,3.3703,10.4681,0,4.7988,10.3676,0,1.4320,1.4389,255,255
82,0.0112,3.3815,4.7542,0,3.3815,4.7653,0,0.0112,0.0112,255,255
83,0.5843,4.2408,0.9263,0,4.7095,1.0490,0,0.4845,0.5178,255,255
83,0.5100,4.1069,1.0156,0,4.1292,1.4173,0,0.4024,0.4843,255,255
83,0.4992,3.6940,1.4620,0,4.1404,1.4620,0,0.4464,0.4388,255,255
83,0.4349,4.0622,1.0379,0,4.1292,1.4173,0,0.3853,0.4078,255,255
83,0.4172,4.5868,0.5692,0,4.7318,0.9263,0,0.3855,0.3856,255,255
83,0.4164,3.4261,1.6628,0,3.6940,1.4620,0,0.3348,0.3898,255,255
83,0.4142,4.4082,1.7521,0,4.1404,1.4620,0,0.3949,0.4024,255,255
83,0.3383,3.7609,1.0379,0,4.0622,1.0379,0,0.3013,0.3069,255,255
83,0.2498,3.6047,1.2834,0,3.6940,1.4620,0,0.1996,0.2309,255,255
83,0.1932,4.8323,1.1718,0,4.7095,1.0490,0,0.1736,0.1765,255,255
83,0.1709,4.1069,1.0156,0,4.2408,0.9263,0,0.1610,0.1509,255,255
83,0.1366,4.2743,0.8035,0,4.2408,0.9263,0,0.1272,0.1303,255,255
83,0.1320,4.7095,1.0490,0,4.7318,0.9263,0,0.1248,0.1189,255,255
83,0.0985,4.8211,0.9040,0,4.7318,0.9263,0,0.0920,0.0906,255,255
83,0.0539,4.0622,1.0379,0,4.1069,1.0156,0,0.0499,0.0341,255,255
83,0.0493,4.1292,1.4173,0,4.1404,1.4620,0,0.0460,0.0223,255,255
84,0.3598,3.5266,2.8793,0,3.8725,2.8904,0,0.3461,0.3479,255,255
85,0.0493,3.5489,5.9483,0,3.5935,5.9371,0,0.0460,0.0469,255,255
86,0.3949,4.0399,5.6470,0,3.8614,5.3456,0,0.3503,0.3666,255,255
86,0.3514,3.5600,5.3903,0,3.8614,5.3456,0,0.3046,0.3366,255,255
86,0.1663,3.9953,5.2675,0,3.8614,5.3456,0,0.1550,0.1386,255,255
87,0.9637,3.5935,14.3518,0,4.4194,14.5415,0,0.8474,0.8950,255,255
87,0.6524,5.1559,14.2402,0,4.5868,14.4187,0,0.5965,0.5994,255,255
87,0.4561,4.4194,14.5415,0,4.5868,14.4187,0,0.2076,0.3885,255,255
87,0.2379,4.4194,14.5415,0,4.5868,14.4187,0,0.2076,0.2033,255,255
88,0.8799,3.7274,9.3856,0,4.4528,9.0954,0,0.7813,0.8150,255,255
89,0.0716,3.7274,12.0416,0,3.7944,12.0305,0,0.0679,0.0674,255,255
90,1.8300,3.9506,12.7447,0,5.0220,11.9858,0,1.3129,1.7276,255,255
91,0.4607,4.2966,11.8742,0,4.5644,11.5506,0,0.4201,0.4313,255,255
92,0.5130,4.3078,3.4931,0,4.3301,3.9506,0,0.4581,0.4799,255,255
93,0.4006,4.3189,3.0020,0,4.5310,2.7677,0,0.3160,0.3840,255,255
94,0.4692,4.3747,10.8252,0,4.5868,11.1935,0,0.4250,0.4361,255,255
96,1.0288,5.1782,5.1559,0,6.0822,5.1001,0,0.9057,0.9601,255,255
96,0.8571,7.2317,5.3122,0,6.4393,5.3568,0,0.7936,0.8049,255,255
96,0.8564,5.1782,5.1559,0,5.6470,5.7920,0,0.7902,0.7784,255,255
96,0.7432,6.0822,5.1001,0,6.4393,5.3568,0,0.4398,0.6800,255,255
96,0.7112,4.5086,5.1448,0,5.1782,5.1559,0,0.6697,0.6775,255,255
96,0.6689,5.6470,5.7920,0,5.6470,5.7920,0,0.0000,0.6343,255,255
96,0.6143,6.0822,5.1001,0,6.4393,5.3568,0,0.4398,0.5523,255,255
97,0.3094,4.5086,13.2581,0,4.7653,13.2358,0,0.2576,0.2869,255,255
98,0.0112,4.5310,1.8860,0,4.5421,1.8860,0,0.0112,0.0112,255,255
99,0.1978,4.5310,14.8986,0,4.6872,14.7982,0,0.1857,0.1831,255,255
100,0.5631,4.5421,4.8658,0,5.0220,4.7988,0,0.4845,0.5393,255,255
101,1.5695,4.5533,2.1204,0,5.8925,2.3994,0,1.3680,1.5083,255,255
101,0.8179,6.4840,2.5780,0,5.8925,2.3994,0,0.6178,0.7911,255,255
101,0.2817,6.1603,2.3659,0,5.8925,2.3994,0,0.2699,0.2703,255,255
102,0.6697,4.6537,5.6581,0,5.1894,5.9818,0,0.6259,0.6421,255,255
103,0.4022,4.6649,8.6936,0,4.9104,8.4258,0,0.3633,0.3831,255,255
104,0.6866,5.5688,3.1360,0,4.9885,2.9462,0,0.6105,0.6403,255,255
104,0.5789,4.9662,3.3592,0,4.9885,2.9462,0,0.4135,0.5295,255,255
104,0.4888,4.7207,3.6940,0,4.9662,3.3592,0,0.4152,0.4499,255,255
104,0.2945,5.2229,2.8012,0,4.9885,2.9462,0,0.2756,0.2789,255,255
104,0.0893,5.0555,3.3592,0,4.9662,3.3592,0,0.0893,0.0781,255,255
105,0.0112,4.7876,14.6977,0,4.7876,14.7089,0,0.0112,0.0112,255,255
106,0.8056,4.7876,14.9432,0,5.4461,14.6196,0,0.7337,0.7473,255,255
107,0.0697,4.7988,0.5692,0,4.8323,0.6250,0,0.0651,0.0686,255,255
109,0.0604,4.8323,9.2405,0,4.8881,9.2293,0,0.0569,0.0564,255,255
110,0.4115,4.9104,11.6176,0,5.1559,11.3720,0,0.3472,0.3574,255,255
110,0.3472,4.9104,11.6176,0,5.1559,11.3720,0,0.3472,0.2999,255,255
110,0.1794,5.1001,11.2158,0,5.1559,11.3720,0,0.1659,0.1716,255,255
110,0.1012,4.8323,11.6734,0,4.9104,11.6176,0,0.0960,0.1035,255,255
111,0.4926,4.8546,4.1292,0,5.3010,4.0399,0,0.4552,0.4636,255,255
113,0.0697,4.9104,10.7806,0,4.9439,10.8364,0,0.0651,0.0672,255,255
115,0.7275,4.9550,8.0910,0,5.4796,8.2472,0,0.5473,0.6738,255,255
115,0.6528,5.4684,7.8901,0,5.9594,8.2807,0,0.6274,0.6169,255,255
115,0.6151,5.4796,8.2472,0,5.9594,8.2807,0,0.4810,0.5271,255,255
115,0.6147,5.4684,7.8901,0,5.9260,8.1133,0,0.5091,0.5681,255,255
115,0.4823,5.1113,7.6669,0,5.4684,7.8901,0,0.4211,0.4486,255,255
115,0.2564,5.4238,8.0575,0,5.4796,8.2472,0,0.1978,0.2110,255,255
115,0.2221,5.4238,8.0575,0,5.4796,8.2472,0,0.1978,0.1959,255,255
115,0.1905,5.9260,8.1133,0,5.9594,8.2807,0,0.1707,0.1439,255,255
115,0.1859,5.4238,8.0575,0,5.4684,7.8901,0,0.1732,0.1654,255,255
115,0.1774,5.9706,7.9794,0,5.9260,8.1133,0,0.1412,0.1509,255,255
115,0.1766,6.1268,8.3030,0,5.9594,8.2807,0,0.1689,0.1731,255,255
116,0.0112,4.9774,1.4843,0,4.9885,1.4843,0,0.0112,0.0112,255,255
117,0.0158,4.9774,9.1958,0,4.9885,9.1847,0,0.0158,0.0158,255,255
119,0.5585,5.1559,10.6578,0,5.6358,10.4904,0,0.5082,0.5234,255,255
120,0.1432,5.1894,9.1624,0,5.3233,9.1847,0,0.1358,0.1370,255,255
121,0.2640,5.1894,14.4745,0,5.4349,14.4522,0,0.2465,0.2505,255,255
122,0.8733,5.2006,12.5438,0,5.8478,12.1979,0,0.7339,0.8160,255,255
122,0.3911,6.0487,11.8966,0,5.8478,12.1979,0,0.3621,0.3714,255,255
122,0.3853,6.1157,12.4657,0,5.8478,12.1979,0,0.3788,0.3813,255,255
123,0.1413,5.2452,12.0528,0,5.2898,11.9300,0,0.1306,0.1278,255,255
124,0.0335,5.3010,4.7207,0,5.3345,4.7207,0,0.0335,0.0335,255,255
125,0.5119,5.6581,12.9344,0,5.5019,13.3027,0,0.4001,0.4789,255,255
125,0.2637,5.3122,13.4813,0,5.5019,13.3027,0,0.2605,0.2605,255,255
125,0.2452,5.4126,13.1130,0,5.5019,13.3027,0,0.2097,0.2100,255,255
126,0.2583,5.3345,10.2784,0,5.5465,10.1668,0,0.2396,0.2404,255,255
127,0.5800,5.4238,10.9145,0,5.9483,11.0261,0,0.5363,0.5564,255,255
128,0.0874,5.4349,4.4752,0,5.5130,4.4975,0,0.0812,0.0810,255,255
129,0.1143,5.4349,12.9344,0,5.5019,12.8675,0,0.0947,0.1077,255,255
130,0.3375,5.5800,9.1400,0,5.9036,9.1512,0,0.3238,0.3265,255,255
131,2.0956,5.5912,7.3433,0,7.4102,6.8857,0,1.8757,1.9788,255,255
132,0.0112,5.6581,3.4931,0,5.6581,3.5042,0,0.0112,0.0112,255,255
133,0.3179,5.6804,9.3967,0,5.8144,9.6199,0,0.2603,0.2997,255,255
134,0.2806,5.7251,1.4954,0,5.9483,1.3727,0,0.2547,0.2604,255,255
135,0.0827,5.7586,4.6649,0,5.8367,4.6537,0,0.0789,0.0783,255,255
136,0.2594,5.7809,3.3926,0,6.0264,3.3592,0,0.2478,0.2493,255,255
136,0.2109,6.1045,3.1806,0,6.0264,3.3592,0,0.1949,0.1959,255,255
136,0.0697,6.0710,3.4038,0,6.0264,3.3592,0,0.0631,0.0668,255,255
137,0.0223,5.7809,12.7782,0,5.8032,12.7782,0,0.0223,0.0223,255,255
138,0.2713,5.7809,13.8607,0,5.7809,14.0951,0,0.2344,0.2554,255,255
139,0.0269,5.8590,12.8563,0,5.8813,12.8675,0,0.0250,0.0283,255,255
140,1.9109,5.9036,6.7518,0,7.2317,5.9929,0,1.5296,1.7922,255,255
140,0.8383,7.3768,5.8813,0,7.8232,5.4796,0,0.6006,0.7563,255,255
140,0.7282,7.3768,5.8813,0,7.8232,5.4796,0,0.6006,0.6577,255,255
140,0.4076,7.6223,6.1938,0,7.3210,5.9594,0,0.3817,0.3920,255,255
140,0.3734,6.9415,5.7920,0,7.2317,5.9929,0,0.3529,0.3452,255,255
140,0.1328,7.9124,5.3903,0,7.8232,5.4796,0,0.1263,0.1238,255,255
140,0.1031,7.2317,5.9929,0,7.3210,5.9594,0,0.0954,0.0869,255,255
140,0.1012,7.3210,5.9594,0,7.3768,5.8813,0,0.0960,0.0622,255,255
141,0.4488,5.9148,4.0846,0,6.1045,3.7498,0,0.3848,0.4374,255,255
142,1.4972,7.4214,9.8989,0,6.2942,9.7204,0,1.1412,1.4207,255,255
142,0.5465,6.5398,10.2672,0,7.0308,10.2226,0,0.4931,0.5004,255,255
142,0.4980,6.1603,10.1444,0,6.2942,9.7204,0,0.4447,0.4353,255,255
142,0.4469,6.8299,10.4904,0,7.0308,10.2226,0,0.3348,0.4117,255,255
142,0.4300,6.2942,9.7204,0,6.5509,10.0217,0,0.3958,0.3799,255,255
142,0.3941,6.1826,10.2449,0,6.5398,10.2672,0,0.3578,0.3394,255,255
142,0.2594,6.5398,10.2672,0,6.5509,10.0217,0,0.2458,0.2251,255,255
142,0.2536,5.9148,10.3342,0,6.1268,10.2337,0,0.2346,0.2322,255,255
142,0.1524,7.1647,10.1779,0,7.0308,10.2226,0,0.1412,0.1278,255,255
142,0.1505,6.4282,10.0886,0,6.5509,10.0217,0,0.1398,0.1362,255,255
142,0.1347,6.1603,10.1444,0,6.1826,10.2449,0,0.1029,0.1080,255,255
142,0.1031,6.1268,10.2337,0,6.1603,10.1444,0,0.0954,0.0820,255,255
142,0.0604,6.1268,10.2337,0,6.1826,10.2449,0,0.0569,0.0446,255,255
143,0.2890,6.3500,13.1130,0,6.0934,13.1242,0,0.2569,0.2642,255,255
143,0.1012,6.0152,13.0684,0,6.0934,13.1242,0,0.0960,0.0705,255,255
143,0.0966,6.0264,13.1800,0,6.0934,13.1242,0,0.0872,0.0893,255,255
143,0.0539,5.9706,13.0460,0,6.0152,13.0684,0,0.0499,0.0466,255,255
143,0.0316,6.0376,13.0460,0,6.0152,13.0684,0,0.0316,0.0158,255,255
144,0.0158,6.0487,1.8079,0,6.0599,1.8191,0,0.0158,0.0158,255,255
146,0.0743,6.0599,10.5574,0,6.1157,10.6020,0,0.0715,0.0732,255,255
147,0.0335,6.1045,1.7186,0,6.1380,1.7186,0,0.0335,0.0335,255,255
148,0.0112,6.1045,4.5310,0,6.1157,4.5310,0,0.0112,0.0112,255,255
149,0.0874,6.2050,12.4546,0,6.2831,12.4322,0,0.0812,0.0816,255,255
150,0.3402,6.2496,9.1958,0,6.5621,9.2182,0,0.3133,0.3225,255,255
151,0.4507,6.4616,1.7410,0,6.7072,2.0311,0,0.3801,0.4218,255,255
151,0.4322,6.3277,2.0534,0,6.7072,2.0311,0,0.3801,0.4009,255,255
151,0.2324,6.9304,2.0534,0,6.7072,2.0311,0,0.2243,0.2289,255,255
152,1.0595,6.3389,4.7876,0,7.2875,4.9216,0,0.9580,1.0039,255,255
153,1.9772,6.3947,3.3034,0,7.4884,4.4305,0,1.5705,1.8773,255,255
154,0.0112,6.4393,1.0602,0,6.4505,1.0602,0,0.0112,0.0112,255,255
155,1.0403,7.7562,11.7850,0,6.7853,11.6399,0,0.9817,0.9984,255,255
155,0.6940,6.7853,11.1935,0,6.7853,11.6399,0,0.4464,0.6555,255,255
155,0.5312,6.4393,12.0082,0,6.7853,11.6399,0,0.5053,0.5193,255,255
156,0.1813,6.4505,4.4082,0,6.6067,4.4528,0,0.1625,0.1702,255,255
157,0.7624,6.5956,2.9128,0,7.3210,2.9351,0,0.7257,0.7340,255,255
158,0.5334,6.6067,12.3430,0,7.0754,12.1867,0,0.4941,0.4957,255,255
160,2.0003,6.6290,14.3071,0,7.1982,13.5817,0,0.9220,1.9091,255,255
161,2.3555,7.0085,13.0014,0,7.0085,13.0014,0,0.0000,2.2110,255,255
161,0.3522,6.7183,13.1353,0,7.0085,13.0014,0,0.3196,0.3250,255,255
162,0.0335,6.7518,1.4508,0,6.7853,1.4508,0,0.0335,0.0335,255,255
163,0.6178,6.7630,1.1718,0,7.1089,0.7366,0,0.5560,0.5788,255,255
163,0.4907,7.0196,0.3013,0,7.1089,0.7366,0,0.4443,0.4404,255,255
163,0.0223,7.1201,0.7366,0,7.1089,0.7366,0,0.0112,0.0000,0,0
164,1.2110,7.7004,6.8857,0,6.8299,7.6446,0,1.1548,1.1567,255,255
164,0.1755,6.9304,7.7785,0,6.8299,7.6446,0,0.1674,0.1474,255,255
164,0.0446,6.7853,7.6446,0,6.8299,7.6446,0,0.0446,0.0446,255,255
165,1.1050,8.2807,14.2625,0,7.3098,14.5861,0,1.0234,1.0331,255,255
165,0.6170,6.7853,14.8093,0,7.3098,14.5861,0,0.5700,0.5810,255,255
165,0.5212,7.2540,14.1620,0,7.3098,14.5861,0,0.4277,0.4623,255,255
166,0.0112,6.8411,9.0619,0,6.8411,9.0731,0,0.0112,0.0112,255,255
167,0.0493,6.8857,9.1066,0,6.9304,9.1177,0,0.0460,0.0469,255,255
168,0.0670,6.8969,1.6182,0,6.9638,1.6182,0,0.0670,0.0670,255,255
169,0.2752,6.9750,10.8252,0,7.2317,10.7806,0,0.2605,0.2629,255,255
170,1.1896,7.0196,11.1488,0,7.8678,11.4948,0,0.9160,1.1243,255,255
170,0.1617,7.7339,11.5618,0,7.8678,11.4948,0,0.1497,0.1560,255,255
170,0.0650,7.9013,11.5394,0,7.8678,11.4948,0,0.0558,0.0577,255,255
171,0.5119,7.0308,10.5908,0,7.4549,10.3788,0,0.4741,0.4765,255,255
172,0.3122,7.2875,9.1177,0,7.3098,8.8610,0,0.2576,0.2541,255,255
172,0.2686,7.0643,8.8499,0,7.3098,8.8610,0,0.2458,0.2491,255,255
172,0.1366,7.4102,9.1512,0,7.2875,9.1177,0,0.1272,0.1138,255,255
172,0.1051,7.1870,9.1066,0,7.2875,9.1177,0,0.1011,0.1021,255,255
172,0.0223,7.3210,8.8610,0,7.3098,8.8610,0,0.0112,0.0000,0,0
173,2.4178,7.1089,7.9794,0,8.2584,7.2763,0,1.3475,2.2775,255,255
173,0.6058,8.0017,7.1424,0,8.4035,6.9638,0,0.4397,0.5362,255,255
173,0.4014,8.2584,7.2763,0,8.4035,6.9638,0,0.3445,0.3537,255,255
173,0.3633,7.6892,7.2652,0,8.0017,7.1424,0,0.3357,0.3418,255,255
173,0.3122,8.0017,7.1424,0,8.2584,7.2763,0,0.2895,0.2593,255,255
173,0.1320,8.5262,6.9862,0,8.4035,6.9638,0,0.1248,0.1246,255,255
174,0.4041,7.1982,1.4954,0,7.4102,1.2053,0,0.3594,0.3753,255,255
175,0.0585,7.1982,2.5333,0,7.2428,2.4998,0,0.0558,0.0556,255,255
176,0.0335,7.2205,15.2334,0,7.2540,15.2334,0,0.0335,0.0335,255,255
177,0.0985,7.2428,11.0038,0,7.3321,11.0038,0,0.0893,0.0896,255,255
179,1.7188,7.3433,15.0548,0,8.9280,14.8205,0,1.6020,1.6263,255,255
182,0.9226,7.4102,2.0423,0,7.8901,2.6784,0,0.7968,0.8702,255,255
182,0.3941,7.5330,2.6114,0,7.8901,2.6784,0,0.3633,0.3811,255,255
182,0.2833,8.1133,2.8235,0,7.8901,2.6784,0,0.2662,0.2734,255,255
183,0.0112,7.4995,9.1958,0,7.5107,9.1958,0,0.0112,0.0112,255,255
184,1.5464,7.5330,1.4731,0,8.8945,1.8749,0,1.4196,1.4825,255,255
185,0.3468,7.5442,5.0332,0,7.8678,5.0890,0,0.3284,0.3338,255,255
186,0.0335,7.5553,9.2070,0,7.5888,9.2070,0,0.0335,0.0335,255,255
187,0.6489,8.2249,10.8475,0,7.7004,10.7024,0,0.5442,0.6176,255,255
187,0.2109,7.8790,10.6243,0,7.7004,10.7024,0,0.1949,0.1779,255,255
187,0.1589,7.5553,10.6690,0,7.7004,10.7024,0,0.1489,0.1482,255,255
189,0.8051,7.7004,10.4346,0,8.4593,10.3676,0,0.7618,0.7689,255,255
190,1.5565,7.7674,0.1674,0,8.4928,0.7477,0,0.9290,1.4352,255,255
190,0.7778,8.4928,0.7477,0,9.1400,0.7700,0,0.6477,0.6985,255,255
190,0.6697,8.4928,0.7477,0,8.9280,1.0602,0,0.5358,0.5943,255,255
190,0.6674,9.1400,0.7700,0,9.4637,1.1383,0,0.4903,0.6075,255,255
190,0.4834,9.0173,1.0714,0,9.4637,1.1383,0,0.4514,0.4230,255,255
190,0.3464,8.9280,1.0602,0,9.1177,0.7924,0,0.3282,0.3243,255,255
190,0.3298,9.0173,1.0714,0,9.1177,0.7924,0,0.2965,0.2862,255,255
190,0.1655,9.6199,1.1383,0,9.4637,1.1383,0,0.1562,0.1592,255,255
190,0.1031,8.9280,1.0602,0,9.0173,1.0714,0,0.0900,0.0854,255,255
190,0.0316,9.1177,0.7924,0,9.1400,0.7700,0,0.0316,0.0000,0,0
191,0.0112,7.8008,11.7292,0,7.8120,11.7292,0,0.0112,0.0112,255,255
192,1.7913,9.6980,8.6825,0,8.2696,8.9503,0,1.4534,1.6775,255,255
192,1.0115,8.8945,8.1022,0,8.1468,8.6602,0,0.9330,0.9580,255,255
192,0.3957,7.8678,9.0061,0,8.0687,8.7829,0,0.3003,0.3838,255,255
192,0.3872,8.1468,8.6602,0,8.2696,8.9503,0,0.3151,0.3493,255,255
192,0.2721,8.0910,8.7718,0,8.2696,8.9503,0,0.2525,0.2392,255,255
192,0.2591,7.9013,8.9726,0,8.0687,8.7829,0,0.2530,0.2317,255,255
192,0.1347,8.0910,8.7718,0,8.1468,8.6602,0,0.1248,0.0951,255,255
192,0.0269,8.0687,8.7829,0,8.0910,8.7718,0,0.0250,0.0158,255,255
193,0.0223,7.9348,9.0508,0,7.9348,9.0731,0,0.0223,0.0223,255,255
195,0.4153,8.0129,9.9212,0,8.3588,10.0886,0,0.3843,0.4019,255,255
196,0.7947,8.0352,4.6202,0,8.7606,4.4528,0,0.7445,0.7536,255,255
196,0.4164,9.0954,4.0399,0,9.1847,4.4194,0,0.3898,0.3984,255,255
196,0.4033,9.0284,4.6202,0,9.1847,4.4194,0,0.2545,0.3475,255,255
196,0.3715,8.7606,4.4528,0,9.0284,4.6202,0,0.3158,0.3536,255,255
196,0.3579,8.8499,4.4305,0,9.1847,4.4194,0,0.3350,0.3166,255,255
196,0.2637,8.8499,4.4305,0,9.0284,4.6202,0,0.2605,0.2451,255,255
196,0.1078,8.7606,4.4528,0,8.8499,4.4305,0,0.0920,0.0922,255,255
197,0.2844,8.1691,11.7403,0,8.2138,11.4836,0,0.2605,0.2692,255,255
198,0.0446,8.2026,0.3460,0,8.2472,0.3460,0,0.0446,0.0446,255,255
199,0.1097,8.2472,13.9054,0,8.3477,13.9277,0,0.1029,0.1038,255,255
200,2.7853,8.3923,13.1800,0,10.6020,12.1532,0,2.4366,2.6134,255,255
200,2.2665,8.7383,11.5952,0,10.7024,11.8631,0,1.9823,2.1321,255,255
200,0.6262,8.2696,13.6710,0,8.3923,13.1800,0,0.5062,0.5892,255,255
200,0.4322,8.9726,13.2692,0,8.5820,13.3697,0,0.4033,0.3919,255,255
200,0.3318,10.6020,12.1532,0,10.7024,11.8631,0,0.3071,0.3065,255,255
200,0.2748,8.3923,13.1800,0,8.5820,13.3697,0,0.2683,0.2308,255,255
200,0.2387,10.4234,12.0082,0,10.6020,12.1532,0,0.2301,0.2264,255,255
200,0.1413,8.5820,13.4924,0,8.5820,13.3697,0,0.1228,0.1234,255,255
200,0.1208,10.7136,12.1532,0,10.6020,12.1532,0,0.1116,0.1164,255,255
200,0.0716,10.7694,11.8742,0,10.7024,11.8631,0,0.0679,0.0716,255,255
201,0.2155,8.2807,4.8100,0,8.4593,4.8769,0,0.1907,0.1958,255,255
202,0.7125,8.2807,7.7116,0,8.8387,7.3768,0,0.6507,0.6699,255,255
203,0.2082,8.4258,9.4414,0,8.6155,9.4860,0,0.1949,0.1968,255,255
204,0.3021,8.4370,9.7204,0,8.7160,9.7762,0,0.2845,0.2925,255,255
205,0.1459,8.5151,10.8140,0,8.5709,10.9368,0,0.1348,0.1413,255,255
206,0.7201,7.6000,3.9506,0,7.8678,3.6382,0,0.4116,0.6691,255,255
206,0.6396,8.5486,3.5712,0,7.9459,3.6605,0,0.6092,0.6309,255,255
206,0.5157,7.9682,4.3078,0,8.3254,4.0734,0,0.4272,0.4652,255,255
206,0.4561,7.9571,3.8837,0,8.3254,4.0734,0,0.4143,0.4203,255,255
206,0.4300,7.6000,3.9506,0,7.8678,3.6382,0,0.4116,0.3809,255,255
206,0.3780,7.8790,4.0288,0,7.9682,4.3078,0,0.2929,0.3289,255,255
206,0.3568,8.5820,3.8948,0,8.3254,4.0734,0,0.3127,0.3283,255,255
206,0.3364,7.8343,4.0622,0,7.9682,4.3078,0,0.2797,0.2925,255,255
206,0.2806,7.6000,3.9506,0,7.8343,4.0622,0,0.2596,0.2286,255,255
206,0.2278,7.9459,3.6605,0,7.9571,3.8837,0,0.2235,0.1897,255,255
206,0.1774,7.8790,4.0288,0,7.9571,3.8837,0,0.1648,0.1403,255,255
206,0.0874,7.8678,3.6382,0,7.9459,3.6605,0,0.0812,0.0690,255,255
206,0.0585,7.8343,4.0622,0,7.8790,4.0288,0,0.0558,0.0417,255,255
208,0.4218,8.6490,5.4126,0,8.7494,5.1336,0,0.2965,0.3906,255,255
209,1.3693,8.6602,10.4681,0,9.9324,10.3007,0,1.2832,1.3256,255,255
209,1.0653,9.0061,10.1333,0,9.9324,10.3007,0,0.9413,1.0114,255,255
209,0.3448,10.2449,10.3788,0,9.9324,10.3007,0,0.3221,0.3143,255,255
211,0.5369,8.6825,6.1826,0,9.1177,5.9371,0,0.4997,0.5079,255,255
212,0.0112,8.7494,7.0420,0,8.7606,7.0420,0,0.0112,0.0112,255,255
213,0.4142,9.0284,11.0038,0,8.9950,10.7024,0,0.3032,0.3741,255,255
213,0.2352,8.7829,10.6466,0,8.9950,10.7024,0,0.2193,0.2268,255,255
213,0.1570,9.1289,10.6466,0,8.9950,10.7024,0,0.1451,0.1288,255,255
214,0.6039,8.9057,13.6933,0,9.3744,13.4143,0,0.5455,0.5732,255,255
215,0.2575,8.9168,3.5935,0,8.9503,3.8279,0,0.2367,0.2441,255,255
216,0.6739,8.9280,14.1844,0,9.5418,14.2625,0,0.6188,0.6388,255,255
216,0.5511,9.2182,13.8049,0,9.7092,13.7714,0,0.4922,0.5049,255,255
216,0.4730,9.6646,14.2736,0,9.8766,14.0393,0,0.3160,0.4151,255,255
216,0.4234,9.5418,14.2625,0,9.8096,13.9500,0,0.4116,0.4012,255,255
216,0.3222,9.6646,14.2736,0,9.8766,14.0393,0,0.3160,0.2858,255,255
216,0.2544,9.5306,13.9388,0,9.7092,13.7714,0,0.2448,0.2429,255,255
216,0.2332,9.7092,13.7714,0,9.8096,13.9500,0,0.2049,0.1874,255,255
216,0.1459,9.5418,14.2625,0,9.6646,14.2736,0,0.1233,0.1208,255,255
216,0.1170,9.8096,13.9500,0,9.8766,14.0393,0,0.1116,0.0705,255,255
217,2.2970,10.5239,4.1627,0,9.1177,2.8458,0,1.9265,2.1753,255,255
217,0.4249,9.5195,2.8570,0,9.1177,2.8458,0,0.4019,0.4090,255,255
217,0.1951,8.9503,2.7788,0,9.1177,2.8458,0,0.1803,0.1838,255,255
218,0.2937,8.9503,4.9216,0,9.2070,4.8323,0,0.2718,0.2714,255,255
219,0.3560,8.9615,9.8096,0,9.2851,9.7762,0,0.3254,0.3394,255,255
220,0.4869,9.0508,0.3794,0,9.4414,0.5803,0,0.4392,0.4480,255,255
221,0.1655,9.1289,5.4126,0,9.1512,5.5688,0,0.1578,0.1601,255,255
222,0.2379,9.1735,9.5195,0,9.3744,9.5864,0,0.2117,0.2152,255,255
223,0.5457,9.1847,11.2828,0,9.6980,11.2270,0,0.5164,0.5223,255,255
224,0.1347,9.2405,6.7072,0,9.3521,6.7406,0,0.1165,0.1171,255,255
225,0.5443,9.3074,14.8763,0,9.6646,14.5192,0,0.5050,0.5248,255,255
226,1.0149,9.3409,11.5506,0,10.2449,11.4167,0,0.9138,0.9560,255,255
227,0.2071,9.3744,2.4552,0,9.5306,2.5780,0,0.1987,0.2035,255,255
228,0.4145,9.3744,15.1330,0,9.7427,15.2222,0,0.3789,0.3869,255,255
229,1.5117,9.4525,7.2428,0,10.8810,7.3544,0,1.4328,1.4535,255,255
230,0.9784,9.4525,13.2692,0,10.2784,12.9456,0,0.8870,0.9065,255,255
231,0.0631,9.4860,8.0017,0,9.5306,8.0464,0,0.0631,0.0631,255,255
232,0.8375,9.4972,5.5130,0,9.6534,6.2161,0,0.7202,0.8103,255,255
233,1.3116,9.5418,7.7339,0,10.7471,7.8566,0,1.2115,1.2607,255,255
234,1.3513,10.4011,4.7653,0,10.0886,4.3524,0,0.5178,1.2669,255,255
234,0.8301,10.0886,4.3524,0,10.8587,4.4082,0,0.7721,0.7749,255,255
234,0.7247,9.5864,4.0176,0,10.0886,4.3524,0,0.6036,0.6882,255,255
234,0.4980,10.7248,3.9841,0,10.8587,4.4082,0,0.4447,0.4775,255,255
234,0.2556,11.0819,4.4640,0,10.8587,4.4082,0,0.2301,0.2318,255,255
235,1.7081,13.4924,2.6561,0,11.9970,2.4329,0,1.5120,1.6533,255,255
235,1.1435,10.0886,2.3213,0,11.0038,2.3659,0,0.9162,1.0597,255,255
235,0.9529,10.6913,1.8749,0,9.7985,1.9753,0,0.8984,0.8939,255,255
235,0.6543,11.0038,2.3659,0,11.5283,2.5556,0,0.5578,0.5804,255,255
235,0.5419,9.7538,2.5556,0,10.0886,2.3213,0,0.4087,0.5117,255,255
235,0.4661,9.7985,1.9753,0,10.0886,2.3213,0,0.4515,0.4442,255,255
235,0.4153,11.7626,2.8346,0,11.5283,2.5556,0,0.3644,0.3890,255,255
235,0.3856,11.7180,2.5445,0,11.9970,2.4329,0,0.3005,0.3206,255,255
235,0.3780,11.7180,2.5445,0,11.9970,2.4329,0,0.3005,0.3146,255,255
235,0.3483,10.7359,2.5445,0,11.0038,2.3659,0,0.3219,0.3351,255,255
235,0.2194,9.5976,1.9753,0,9.7985,1.9753,0,0.2009,0.2060,255,255
235,0.2128,11.5283,2.5556,0,11.7180,2.5445,0,0.1900,0.1822,255,255
236,1.3317,9.6422,9.7762,0,10.7136,10.1221,0,1.1258,1.2475,255,255
237,0.0112,9.6869,1.3280,0,9.6980,1.3280,0,0.0112,0.0112,255,255
238,1.1673,10.9368,0.9151,0,11.9524,0.8928,0,1.0158,1.1081,255,255
238,0.6235,10.0998,0.5580,0,10.5350,0.8705,0,0.5358,0.5656,255,255
238,0.5669,10.6801,1.3280,0,10.2784,1.0714,0,0.4768,0.5239,255,255
238,0.4449,9.8989,0.5134,0,9.9436,0.3906,0,0.1306,0.4097,255,255
238,0.4387,10.5350,0.8705,0,10.9368,0.9151,0,0.4042,0.3835,255,255
238,0.3194,9.8096,0.7700,0,9.8989,0.5134,0,0.2718,0.2965,255,255
238,0.3067,9.9994,1.0267,0,10.2784,1.0714,0,0.2825,0.2848,255,255
238,0.2956,10.2895,0.1451,0,10.0998,0.2902,0,0.2388,0.2799,255,255
238,0.2602,10.2784,1.0714,0,10.4904,0.9709,0,0.2346,0.2276,255,255
238,0.2544,10.0998,0.5580,0,10.2560,0.3683,0,0.2458,0.2026,255,255
238,0.2544,11.8408,0.7031,0,11.9524,0.8928,0,0.2201,0.2202,255,255
238,0.2286,9.8989,0.5134,0,10.0998,0.5580,0,0.2058,0.1711,255,255
238,0.2275,10.6578,1.1160,0,10.4904,0.9709,0,0.2215,0.2185,255,255
238,0.2221,12.1421,0.8147,0,11.9524,0.8928,0,0.2052,0.2125,255,255
238,0.1978,9.9436,0.3906,0,10.0998,0.2902,0,0.1857,0.1537,255,255
238,0.1886,10.0998,0.2902,0,10.2560,0.3683,0,0.1747,0.1517,255,255
238,0.1478,9.8989,0.5134,0,9.9436,0.3906,0,0.1306,0.1255,255,255
238,0.1432,10.3900,0.3683,0,10.2560,0.3683,0,0.1339,0.1344,255,255
238,0.1301,11.8742,0.6026,0,11.8408,0.7031,0,0.1059,0.1157,255,255
238,0.1282,11.7738,0.6026,0,11.8408,0.7031,0,0.1207,0.1159,255,255
238,0.1189,10.4904,0.9709,0,10.5350,0.8705,0,0.1099,0.0683,255,255
238,0.1051,10.9480,0.8147,0,10.9368,0.9151,0,0.1011,0.1007,255,255
239,0.1004,9.8320,3.0020,0,9.9324,3.0020,0,0.1004,0.1004,255,255
240,0.4303,10.4011,5.0778,0,10.0217,5.1559,0,0.3874,0.3859,255,255
240,0.3475,10.2449,5.3233,0,10.0217,5.1559,0,0.2790,0.3102,255,255
240,0.1971,9.8431,5.1113,0,10.0217,5.1559,0,0.1841,0.1828,255,255
241,0.9977,10.8252,14.5973,0,10.0328,14.6977,0,0.7987,0.9291,255,255
241,0.4784,10.3900,14.4522,0,10.0328,14.6977,0,0.4334,0.4336,255,255
241,0.1978,9.8766,14.7982,0,10.0328,14.6977,0,0.1857,0.1928,255,255
242,0.3753,9.9436,13.3697,0,10.2337,13.1800,0,0.3467,0.3545,255,255
243,0.0827,10.0440,10.8698,0,10.1221,10.8587,0,0.0789,0.0786,255,255
244,1.2633,11.0930,9.5753,0,10.8810,8.6267,0,0.9720,1.2054,255,255
244,0.9191,10.0886,8.3365,0,10.8810,8.6267,0,0.8438,0.8754,255,255
244,0.4711,10.8922,8.2472,0,10.8810,8.6267,0,0.3796,0.4375,255,255
245,0.2752,10.0886,15.1553,0,10.3453,15.1330,0,0.2576,0.2651,255,255
246,0.0269,10.1556,10.8698,0,10.1779,10.8810,0,0.0250,0.0236,255,255
247,0.0112,10.2226,8.9280,0,10.2337,8.9280,0,0.0112,0.0112,255,255
248,0.0966,10.2560,2.9351,0,10.3342,2.9797,0,0.0900,0.0886,255,255
250,0.0446,10.3118,15.2892,0,10.3565,15.2892,0,0.0446,0.0446,255,255
251,1.1311,10.4346,6.2273,0,11.2604,5.8478,0,0.9088,1.0344,255,255
251,1.0334,11.1488,6.6625,0,10.4346,6.2273,0,0.8364,0.9724,255,255
251,0.5927,11.7515,5.8702,0,11.2604,5.8478,0,0.4915,0.5507,255,255
251,0.5770,10.9480,6.2496,0,11.2604,5.8478,0,0.5090,0.5378,255,255
251,0.1078,10.3453,6.2719,0,10.4346,6.2273,0,0.0998,0.1059,255,255
252,0.2964,10.3676,13.8942,0,10.5239,14.0839,0,0.2458,0.2761,255,255
254,0.0855,10.5127,9.3967,0,10.5574,9.4637,0,0.0805,0.0817,255,255
255,1.1231,10.5462,13.2804,0,11.0372,12.3764,0,1.0287,1.0730,255,255
256,0.5881,10.5462,13.6375,0,10.9814,13.4143,0,0.4891,0.5502,255,255
257,0.0539,10.5908,11.4502,0,10.6355,11.4725,0,0.0499,0.0479,255,255
258,0.0316,10.6132,12.5996,0,10.6355,12.5773,0,0.0316,0.0316,255,255
259,0.0966,10.6578,5.2006,0,10.7024,5.2787,0,0.0900,0.0849,255,255
260,0.5234,10.7024,4.7653,0,11.1935,4.6872,0,0.4972,0.5005,255,255
261,0.4311,10.7024,11.5171,0,11.0596,11.6957,0,0.3993,0.4094,255,255
261,0.0381,11.0707,11.6622,0,11.0596,11.6957,0,0.0353,0.0381,255,255
261,0.0269,11.0819,11.7068,0,11.0596,11.6957,0,0.0250,0.0269,255,255
262,0.0427,10.7917,10.7582,0,10.8252,10.7806,0,0.0402,0.0417,255,255
263,0.0855,10.7917,14.0951,0,10.8364,14.0281,0,0.0805,0.0862,255,255
264,0.1701,10.7917,14.9990,0,10.9480,14.9656,0,0.1598,0.1646,255,255
265,1.3817,11.7850,4.6760,0,11.3051,3.6493,0,1.1333,1.2876,255,255
265,0.6986,10.9591,3.3592,0,11.3051,3.6493,0,0.4515,0.6376,255,255
265,0.4792,10.9591,3.3592,0,11.3051,3.6493,0,0.4515,0.4409,255,255
265,0.3541,10.8587,3.0467,0,10.9591,3.3592,0,0.3282,0.3491,255,255
266,0.4877,11.4502,5.4014,0,11.0596,5.1671,0,0.4555,0.4635,255,255
266,0.4834,11.5171,4.9774,0,11.0707,5.0220,0,0.4486,0.4422,255,255
266,0.1813,10.9033,5.0332,0,11.0707,5.0220,0,0.1678,0.1687,255,255
266,0.1497,11.0596,5.1671,0,11.0707,5.0220,0,0.1455,0.1116,255,255
266,0.1097,10.9591,5.1671,0,11.0596,5.1671,0,0.1004,0.1007,255,255
269,0.0827,10.9480,15.1999,0,11.0261,15.2111,0,0.0789,0.0791,255,255
270,1.3720,12.3430,10.3342,0,11.0819,10.3342,0,1.2611,1.2929,255,255
270,0.4014,11.0372,9.9882,0,11.0819,10.3342,0,0.3488,0.3653,255,255
270,0.1505,10.9591,10.4011,0,11.0819,10.3342,0,0.1398,0.1396,255,255
271,0.4164,11.1488,14.3294,0,11.5283,14.3741,0,0.3821,0.3915,255,255
272,0.2529,11.1488,14.5415,0,11.3832,14.5192,0,0.2354,0.2363,255,255
273,0.2694,11.1823,12.2425,0,11.2716,12.4657,0,0.2404,0.2657,255,255
274,0.4368,11.2046,6.4616,0,11.5841,6.3389,0,0.3988,0.4192,255,255
275,0.4965,11.2158,0.3683,0,11.6734,0.2902,0,0.4642,0.4816,255,255
276,0.4619,11.2270,3.0244,0,11.6287,3.1694,0,0.4272,0.4306,255,255
277,0.5212,11.4167,12.7894,0,11.5171,13.2134,0,0.4358,0.4847,255,255
277,0.5135,11.2828,13.3474,0,11.5171,13.2134,0,0.2699,0.4513,255,255
277,0.3094,11.2828,13.3474,0,11.5171,13.2134,0,0.2699,0.2574,255,255
277,0.0269,11.2716,13.3697,0,11.2828,13.3474,0,0.0250,0.0269,255,255
278,0.3837,11.3609,9.6088,0,11.4390,9.2851,0,0.3329,0.3458,255,255
279,1.5911,11.3609,13.8384,0,12.1644,13.3697,0,0.9302,1.4886,255,255
280,0.0762,11.4167,9.9324,0,11.4167,9.9994,0,0.0670,0.0731,255,255
281,2.3581,11.4725,14.6642,0,13.0795,15.0214,0,1.6462,2.2319,255,255
282,0.7509,12.1086,7.8566,0,12.0863,7.1982,0,0.6588,0.7070,255,255
282,0.7016,11.4948,7.2986,0,12.0863,7.1982,0,0.5999,0.6618,255,255
282,0.4831,12.0863,7.1982,0,12.4769,7.4214,0,0.4499,0.4356,255,255
282,0.3225,12.6331,7.1312,0,12.5550,7.4214,0,0.3005,0.3011,255,255
282,0.2852,12.3541,7.6558,0,12.4769,7.4214,0,0.2646,0.2636,255,255
282,0.2648,12.6554,7.6446,0,12.5550,7.4214,0,0.2448,0.2335,255,255
282,0.0781,12.4769,7.4214,0,12.5550,7.4214,0,0.0781,0.0446,255,255
283,0.5546,11.4948,12.2090,0,11.9524,12.4434,0,0.5141,0.5241,255,255
284,0.0112,11.5506,5.2564,0,11.5618,5.2564,0,0.0112,0.0112,255,255
285,0.5389,11.5506,8.0910,0,11.9412,8.3700,0,0.4800,0.5282,255,255
286,0.7833,11.8296,10.9926,0,11.7961,11.3832,0,0.3920,0.7344,255,255
286,0.3456,11.6287,11.1265,0,11.7961,11.3832,0,0.3064,0.3165,255,255
286,0.1328,11.7068,11.4725,0,11.7961,11.3832,0,0.1263,0.1151,255,255
287,0.1840,11.6510,1.5847,0,11.8073,1.5847,0,0.1562,0.1584,255,255
288,0.0112,11.7292,7.6892,0,11.7403,7.6892,0,0.0112,0.0112,255,255
289,0.8102,11.9970,9.2405,0,12.5438,9.1066,0,0.5630,0.7528,255,255
289,0.7836,11.8742,9.9547,0,11.9970,9.2405,0,0.7247,0.7083,255,255
289,0.6851,11.9970,9.2405,0,12.5438,9.1066,0,0.5630,0.6490,255,255
289,0.6477,12.9456,8.9503,0,12.5438,9.1066,0,0.4311,0.5972,255,255
289,0.4022,12.1867,9.9994,0,12.3430,9.8208,0,0.2373,0.3642,255,255
289,0.3310,11.8742,9.9547,0,12.1867,9.9994,0,0.3157,0.2940,255,255
289,0.2433,12.1867,9.9994,0,12.3430,9.8208,0,0.2373,0.2247,255,255
289,0.1347,12.2537,9.7427,0,12.3430,9.8208,0,0.1186,0.1285,255,255
289,0.0670,11.8073,9.9547,0,11.8742,9.9547,0,0.0670,0.0670,255,255
290,0.5312,12.8452,11.7068,0,13.2358,11.5618,0,0.4167,0.5015,255,255
290,0.5304,13.3474,11.9524,0,13.2358,11.5618,0,0.4062,0.5152,255,255
290,0.4969,12.8452,11.7068,0,13.2358,11.5618,0,0.4167,0.4641,255,255
290,0.4796,12.4211,11.7738,0,12.8452,11.7068,0,0.4293,0.4161,255,255
290,0.4376,12.2983,11.9970,0,12.4880,12.2314,0,0.3015,0.3904,255,255
290,0.4222,11.8296,11.8519,0,12.2425,11.8519,0,0.4129,0.4156,255,255
290,0.3456,12.5662,12.0528,0,12.4211,11.7738,0,0.3145,0.3332,255,255
290,0.3429,12.7894,12.1979,0,12.4880,12.2314,0,0.3032,0.3291,255,255
290,0.3129,12.2983,11.9970,0,12.4880,12.2314,0,0.3015,0.2757,255,255
290,0.2175,12.2425,11.8519,0,12.4211,11.7738,0,0.1949,0.1862,255,255
290,0.1682,12.2425,11.8519,0,12.2983,11.9970,0,0.1554,0.1451,255,255
291,0.6320,12.7782,5.0555,0,12.4322,5.3568,0,0.4588,0.5721,255,255
291,0.6189,11.8966,5.3456,0,12.4322,5.4349,0,0.5431,0.5786,255,255
291,0.4226,12.0974,5.1894,0,12.4322,5.3568,0,0.3743,0.4045,255,255
291,0.1459,12.5550,5.4907,0,12.4322,5.4349,0,0.1348,0.1322,255,255
291,0.0874,12.4322,5.3568,0,12.4322,5.4349,0,0.0781,0.0716,255,255
292,0.2490,11.9077,12.7224,0,12.1198,12.8117,0,0.2301,0.2290,255,255
293,0.8991,12.0640,5.8478,0,12.6331,6.4393,0,0.8208,0.8469,255,255
294,0.2259,12.2202,1.6628,0,12.4322,1.6517,0,0.2123,0.2140,255,255
295,0.3225,12.2760,14.3629,0,12.5662,14.3071,0,0.2955,0.2993,255,255
296,0.2202,12.3095,8.2472,0,12.4099,8.4258,0,0.2049,0.2173,255,255
297,0.7986,12.3206,10.7248,0,13.0684,10.6913,0,0.7485,0.7545,255,255
298,0.0158,12.4769,8.6825,0,12.4880,8.6936,0,0.0158,0.0158,255,255
299,0.0781,12.5662,11.1712,0,12.6443,11.1712,0,0.0781,0.0781,255,255
300,1.2797,12.5885,1.1048,0,13.7156,0.7589,0,1.1791,1.2287,255,255
301,1.1428,13.2581,1.2164,0,12.8228,1.8191,0,0.7434,1.0960,255,255
301,0.3957,13.1688,2.0311,0,12.8675,1.8191,0,0.3684,0.3610,255,255
301,0.2675,13.0014,1.6070,0,12.8675,1.8191,0,0.2508,0.2544,255,255
301,0.2417,12.6108,1.8749,0,12.8228,1.8191,0,0.2193,0.2285,255,255
301,0.0539,12.8228,1.8191,0,12.8675,1.8191,0,0.0446,0.0112,255,255
302,1.3602,12.6331,12.9344,0,13.3920,13.8496,0,1.1888,1.2737,255,255
303,0.5007,12.7559,9.7873,0,12.7559,9.7873,0,0.0000,0.4532,255,255
303,0.3002,12.7447,9.5195,0,12.7559,9.7873,0,0.2681,0.2797,255,255
304,0.0855,12.8563,8.7494,0,12.9121,8.8052,0,0.0789,0.0729,255,255
305,0.1208,12.8786,0.4799,0,12.9902,0.4576,0,0.1138,0.1145,255,255
305,0.0604,13.0014,0.5134,0,12.9902,0.4576,0,0.0569,0.0446,255,255
305,0.0604,13.0460,0.4464,0,12.9902,0.4576,0,0.0569,0.0446,255,255
306,1.6003,12.9791,3.2476,0,13.0014,4.4975,0,1.2501,1.5267,255,255
306,0.8837,13.0014,4.4975,0,13.5259,4.0288,0,0.7034,0.8167,255,255
306,0.4803,13.9277,3.8390,0,13.5259,4.0288,0,0.4443,0.4428,255,255
306,0.4257,13.1465,3.9172,0,13.5259,4.0288,0,0.3955,0.4051,255,255
306,0.1728,13.0684,4.6426,0,13.0014,4.4975,0,0.1598,0.1419,255,255
307,0.5653,12.9902,14.3294,0,13.5371,14.2848,0,0.5487,0.5521,255,255
308,1.0465,15.3450,9.8989,0,16.2490,9.8989,0,0.9040,0.9477,255,255
308,1.0391,13.5482,9.7650,0,14.1397,9.9994,0,0.6362,0.9704,255,255
308,0.8595,13.5482,9.7650,0,14.1397,9.9994,0,0.6362,0.7820,255,255
308,0.8383,14.1397,9.9994,0,14.8763,9.9324,0,0.7396,0.7652,255,255
308,0.5873,16.0704,9.3856,0,16.2490,9.8989,0,0.5435,0.5508,255,255
308,0.5446,16.7288,10.0552,0,16.2490,9.8989,0,0.5047,0.5167,255,255
308,0.5446,14.8763,9.9324,0,15.3450,9.8989,0,0.4699,0.4991,255,255
308,0.4553,13.0349,9.5418,0,13.1911,9.9324,0,0.4207,0.4260,255,255
308,0.4504,15.0660,9.5641,0,15.3450,9.8989,0,0.4358,0.4270,255,255
308,0.4357,13.1911,9.9324,0,13.5482,9.7650,0,0.3944,0.4021,255,255
308,0.3495,14.7870,9.6199,0,14.8763,9.9324,0,0.3250,0.3038,255,255
308,0.3141,13.2134,10.2002,0,13.1911,9.9324,0,0.2688,0.2813,255,255
308,0.3021,14.7870,9.6199,0,15.0660,9.5641,0,0.2845,0.2631,255,255
308,0.0670,14.7200,9.6199,0,14.7870,9.6199,0,0.0670,0.0670,255,255
308,0.0585,15.1106,9.5306,0,15.0660,9.5641,0,0.0558,0.0556,255,255
309,0.6347,14.0951,15.0548,0,13.7268,14.7758,0,0.4620,0.5932,255,255
309,0.4322,13.2246,14.6531,0,13.5706,14.7535,0,0.3602,0.3851,255,255
309,0.4292,13.5817,14.5750,0,13.9277,14.5973,0,0.3467,0.3753,255,255
309,0.4265,13.2246,14.6531,0,13.5817,14.5750,0,0.3656,0.3811,255,255
309,0.3010,13.7268,14.7758,0,13.9277,14.5973,0,0.2688,0.2478,255,255
309,0.2090,14.0728,14.4745,0,13.9277,14.5973,0,0.1900,0.1933,255,255
309,0.2082,13.0349,14.6084,0,13.2246,14.6531,0,0.1949,0.1948,255,255
309,0.1832,13.5706,14.7535,0,13.5817,14.5750,0,0.1789,0.1579,255,255
309,0.1655,13.5706,14.7535,0,13.7268,14.7758,0,0.1578,0.1478,255,255
310,0.1505,13.1130,12.1644,0,13.2246,12.1309,0,0.1165,0.1244,255,255
311,0.0112,13.2581,1.6963,0,13.2581,1.7075,0,0.0112,0.0112,255,255
312,0.0493,13.2916,0.7142,0,13.3362,0.7031,0,0.0460,0.0469,255,255
313,0.0112,13.3027,1.7410,0,13.3139,1.7410,0,0.0112,0.0112,255,255
314,0.0158,13.3362,1.7075,0,13.3474,1.6963,0,0.0158,0.0158,255,255
315,1.1365,13.3585,5.9594,0,13.9723,5.7251,0,0.6570,1.0692,255,255
316,0.2044,13.4255,5.2452,0,13.5929,5.3345,0,0.1897,0.1923,255,255
317,0.6050,13.4478,6.6067,0,13.9835,6.4616,0,0.5550,0.5583,255,255
318,0.9594,13.4590,12.4322,0,14.3629,12.4099,0,0.9042,0.9179,255,255
319,0.9591,13.5706,1.9195,0,14.2625,2.2320,0,0.7592,0.8725,255,255
319,0.9425,16.2043,2.5556,0,15.3450,2.4664,0,0.8639,0.8898,255,255
319,0.8968,13.5148,2.2766,0,14.2625,2.2320,0,0.7491,0.8442,255,255
319,0.8097,14.2625,2.2320,0,15.0214,2.3324,0,0.7655,0.7659,255,255
319,0.4923,15.0214,2.3324,0,15.3450,2.4664,0,0.3503,0.4523,255,255
319,0.4303,15.0214,2.3324,0,15.3450,2.4664,0,0.3503,0.4027,255,255
319,0.2248,13.5036,1.7410,0,13.5706,1.9195,0,0.1907,0.2097,255,255
319,0.0985,13.4924,1.9530,0,13.5706,1.9195,0,0.0850,0.0906,255,255
320,0.9075,13.5929,4.9885,0,14.4634,5.0555,0,0.8731,0.8784,255,255
321,1.2000,13.6040,1.3727,0,14.6419,1.4843,0,1.0439,1.1389,255,255
322,0.1644,13.6598,13.5817,0,13.7603,13.7045,0,0.1586,0.1525,255,255
323,0.3772,13.6822,13.0572,0,13.9723,13.2134,0,0.3296,0.3623,255,255
324,0.3549,13.6933,10.9033,0,13.9723,11.0707,0,0.3254,0.3365,255,255
325,0.0223,13.7380,0.9821,0,13.7603,0.9821,0,0.0223,0.0223,255,255
326,0.8976,13.9388,11.6845,0,14.1732,11.9858,0,0.3817,0.8206,255,255
326,0.6501,14.6642,12.3541,0,14.1732,11.9858,0,0.6138,0.6227,255,255
326,0.4414,14.4857,11.4278,0,14.0951,11.3274,0,0.4033,0.4127,255,255
326,0.4311,13.9388,11.6845,0,14.1732,11.9858,0,0.3817,0.3674,255,255
326,0.2656,13.8942,11.4613,0,14.0951,11.3274,0,0.2414,0.2386,255,255
326,0.2637,13.9054,11.5060,0,14.0951,11.3274,0,0.2605,0.2210,255,255
326,0.1924,13.9054,11.5060,0,13.9388,11.6845,0,0.1817,0.1591,255,255
326,0.1690,13.7714,11.3497,0,13.8942,11.4613,0,0.1659,0.1706,255,255
326,0.0493,13.8942,11.4613,0,13.9054,11.5060,0,0.0460,0.0341,255,255
327,0.8598,13.7826,4.6426,0,14.5638,4.4975,0,0.7946,0.8146,255,255
328,0.6227,13.8272,14.1732,0,14.3183,13.9500,0,0.5394,0.5990,255,255
329,0.9754,13.8607,3.0690,0,13.8942,3.4373,0,0.3698,0.9205,255,255
330,2.8457,13.8607,12.7447,0,14.2960,13.4255,0,0.8080,2.6858,255,255
332,0.2155,13.9054,13.7380,0,14.0839,13.6710,0,0.1907,0.1914,255,255
333,0.0112,13.9612,13.6264,0,13.9723,13.6264,0,0.0112,0.0112,255,255
334,0.7509,14.0058,5.3903,0,14.6642,5.4349,0,0.6600,0.6938,255,255
335,0.0335,14.0170,13.5929,0,14.0504,13.5929,0,0.0335,0.0335,255,255
336,0.0112,14.1062,14.9544,0,14.1174,14.9544,0,0.0112,0.0112,255,255
337,0.3075,14.1286,0.3906,0,14.3852,0.4687,0,0.2683,0.2886,255,255
338,0.7732,14.1397,8.6155,0,14.8205,8.4593,0,0.6985,0.7152,255,255
339,0.7436,14.2290,3.3145,0,14.6419,3.6382,0,0.5246,0.7061,255,255
339,0.7275,14.7424,3.7498,0,14.9098,3.3034,0,0.4768,0.6735,255,255
339,0.4768,14.3518,3.8502,0,14.7424,3.7498,0,0.4033,0.4479,255,255
339,0.4322,14.2290,3.3145,0,14.6196,3.3703,0,0.3946,0.4006,255,255
339,0.3753,15.1553,3.0913,0,14.9098,3.3034,0,0.3244,0.3422,255,255
339,0.3179,14.6196,3.3703,0,14.9098,3.3034,0,0.2978,0.2761,255,255
339,0.2863,14.6196,3.3703,0,14.6419,3.6382,0,0.2688,0.2424,255,255
339,0.1532,14.6419,3.6382,0,14.7424,3.7498,0,0.1501,0.1176,255,255
339,0.0762,14.2067,3.2476,0,14.2290,3.3145,0,0.0706,0.0684,255,255
340,0.0827,14.2402,0.9151,0,14.3183,0.9040,0,0.0789,0.0791,255,255
341,0.2814,14.3183,6.1268,0,14.5080,5.9371,0,0.2683,0.2751,255,255
342,0.0158,14.3518,14.3071,0,14.3629,14.3183,0,0.0158,0.0158,255,255
343,1.1692,15.8472,11.0372,0,14.7982,10.8587,0,1.0641,1.1123,255,255
343,0.9703,15.0772,11.2493,0,15.7133,11.4725,0,0.6741,0.9046,255,255
343,0.7613,15.0772,11.2493,0,15.7133,11.4725,0,0.6741,0.7132,255,255
343,0.5704,14.7982,10.8587,0,15.0772,11.2493,0,0.4800,0.5153,255,255
343,0.4646,15.7133,11.4725,0,16.1039,11.5394,0,0.3963,0.4083,255,255
343,0.4368,16.5614,11.6399,0,16.1708,11.5506,0,0.4007,0.3939,255,255
343,0.4072,14.4187,10.8364,0,14.7982,10.8587,0,0.3801,0.3871,255,255
343,0.2629,16.0592,11.5841,0,16.0592,11.5841,0,0.0000,0.2093,255,255
343,0.1720,16.1820,11.7180,0,16.1708,11.5506,0,0.1678,0.1690,255,255
343,0.0808,16.1039,11.5394,0,16.1708,11.5506,0,0.0679,0.0469,255,255
343,0.0631,16.0592,11.5841,0,16.1039,11.5394,0,0.0631,0.0316,255,255
344,1.7947,16.1150,14.3852,0,14.5303,14.2290,0,1.5924,1.6840,255,255
344,0.8548,14.5303,14.2290,0,15.0102,14.6308,0,0.6259,0.7764,255,255
344,0.6265,15.5459,14.4968,0,15.0102,14.6308,0,0.5522,0.5980,255,255
344,0.1347,15.1218,14.6642,0,15.0102,14.6308,0,0.1165,0.1148,255,255
344,0.0223,14.5080,14.2290,0,14.5303,14.2290,0,0.0223,0.0223,255,255
345,0.0335,14.5638,0.8816,0,14.5973,0.8816,0,0.0335,0.0335,255,255
346,0.0112,14.6642,0.8593,0,14.6754,0.8593,0,0.0112,0.0112,255,255
347,1.7538,15.7802,12.3764,0,17.3538,12.6554,0,1.5981,1.6164,255,255
347,1.4635,19.2845,12.7782,0,17.8672,12.8452,0,1.4189,1.4323,255,255
347,1.3490,14.7200,11.8408,0,15.7802,12.3764,0,1.1878,1.2956,255,255
347,0.6497,17.3538,12.6554,0,17.8672,12.8452,0,0.5473,0.6065,255,255
347,0.5712,16.0704,12.8786,0,15.7691,12.4322,0,0.5386,0.5398,255,255
347,0.3742,17.6105,12.5773,0,17.8672,12.8452,0,0.3710,0.3555,255,255
347,0.3168,17.3538,12.6554,0,17.6105,12.5773,0,0.2683,0.2846,255,255
347,0.2109,17.7890,12.5215,0,17.6105,12.5773,0,0.1871,0.1922,255,255
347,0.1840,15.6128,12.4992,0,15.7691,12.4322,0,0.1700,0.1716,255,255
347,0.0604,15.7691,12.4322,0,15.7802,12.3764,0,0.0569,0.0446,255,255
348,1.7935,15.9142,6.5732,0,14.8874,6.2161,0,1.0871,1.6933,255,255
348,0.4638,14.8874,6.2161,0,15.2892,6.0822,0,0.4235,0.4333,255,255
348,0.2817,15.5570,6.0934,0,15.2892,6.0822,0,0.2681,0.2745,255,255
348,0.1832,15.3004,5.9036,0,15.2892,6.0822,0,0.1789,0.1797,255,255
348,0.1736,14.7647,6.0934,0,14.8874,6.2161,0,0.1736,0.1736,255,255
350,0.1189,14.8651,5.4461,0,14.9656,5.4907,0,0.1099,0.1194,255,255
351,1.0037,14.8651,8.9726,0,15.7133,9.1512,0,0.8668,0.9355,255,255
353,0.4080,14.9767,5.1001,0,15.3338,5.0443,0,0.3615,0.3766,255,255
355,0.8709,15.2111,14.9209,0,16.0034,14.9321,0,0.7924,0.8225,255,255
355,0.6227,16.5614,15.0660,0,16.0034,14.9321,0,0.5738,0.5707,255,255
355,0.3314,16.0034,14.9321,0,16.2378,14.6977,0,0.3314,0.2999,255,255
355,0.2705,16.3829,14.5192,0,16.1262,14.5526,0,0.2589,0.2475,255,255
355,0.2109,16.1262,14.5526,0,16.2378,14.6977,0,0.1830,0.1669,255,255
355,0.1636,15.9811,14.5303,0,16.1262,14.5526,0,0.1468,0.1471,255,255
355,0.0604,16.2936,14.7089,0,16.2378,14.6977,0,0.0569,0.0583,255,255
356,0.1951,15.2334,5.3791,0,15.3004,5.5465,0,0.1803,0.1806,255,255
357,1.2054,15.2557,13.7938,0,16.3271,14.0281,0,1.0967,1.1463,255,255
357,0.3903,15.9923,14.1397,0,16.3271,14.0281,0,0.3529,0.3494,255,255
357,0.2991,16.5168,14.2513,0,16.3494,14.0281,0,0.2790,0.2636,255,255
357,0.0966,16.4275,13.9835,0,16.3494,14.0281,0,0.0900,0.0843,255,255
357,0.0223,16.3271,14.0281,0,16.3494,14.0281,0,0.0223,0.0000,0,0
358,3.0654,19.3738,8.4258,0,16.5949,8.4258,0,2.7788,2.9282,255,255
358,0.6581,15.3896,8.2807,0,15.9923,8.4146,0,0.6173,0.6214,255,255
358,0.6423,15.5236,8.5709,0,15.9923,8.4146,0,0.4941,0.6080,255,255
358,0.5146,16.8516,8.9168,0,16.4833,8.6267,0,0.4689,0.4876,255,255
358,0.4896,16.1932,8.4370,0,16.5949,8.4258,0,0.4019,0.4338,255,255
358,0.3884,16.1932,8.4370,0,16.4833,8.6267,0,0.3467,0.3242,255,255
358,0.2471,16.4833,8.6267,0,16.5949,8.4258,0,0.2298,0.2104,255,255
358,0.2101,15.9923,8.4146,0,16.1932,8.4370,0,0.2021,0.1805,255,255
359,0.0223,15.4566,5.2564,0,15.4789,5.2564,0,0.0223,0.0223,255,255
360,0.4238,15.5012,3.7386,0,15.8695,3.8725,0,0.3919,0.3960,255,255
361,0.3845,15.5236,12.7559,0,15.7802,13.0014,0,0.3552,0.3689,255,255
362,0.2352,15.5794,13.9723,0,15.7914,14.0281,0,0.2193,0.2221,255,255
363,1.2971,16.1039,3.0913,0,16.9744,3.6940,0,1.0587,1.2139,255,255
363,0.5596,15.6352,2.9351,0,16.1039,3.0913,0,0.4941,0.5304,255,255
363,0.4915,15.6910,3.1918,0,16.1039,3.0913,0,0.4250,0.4506,255,255
363,0.3903,16.9744,3.6940,0,17.1083,3.9395,0,0.2797,0.3258,255,255
363,0.3783,16.9744,3.6940,0,17.1083,3.9395,0,0.2797,0.3255,255,255
363,0.3037,17.3315,4.1180,0,17.1083,3.9395,0,0.2858,0.2935,255,255
364,1.7642,17.7444,6.2273,0,16.2378,6.1715,0,1.5076,1.6460,255,255
364,1.1678,17.1864,5.6581,0,16.2378,6.1715,0,1.0786,1.1037,255,255
364,0.8194,15.6575,5.7362,0,16.2378,6.1715,0,0.7254,0.7680,255,255
365,2.8413,15.6686,4.7765,0,16.5614,4.6649,0,0.8997,2.6816,255,255
365,1.0715,16.5614,4.6649,0,17.2087,4.5868,0,0.6520,0.9751,255,255
365,0.6096,16.4164,5.0555,0,16.5614,4.6649,0,0.4167,0.5681,255,255
365,0.5119,16.9855,4.9774,0,17.2087,4.5868,0,0.4499,0.4722,255,255
365,0.3799,17.6328,4.4417,0,17.3538,4.5644,0,0.3048,0.3659,255,255
365,0.1543,17.2087,4.5868,0,17.3538,4.5644,0,0.1468,0.1350,255,255
365,0.1143,17.3873,4.4640,0,17.3538,4.5644,0,0.1059,0.1135,255,255
366,0.0762,15.6798,6.2161,0,15.7021,6.2831,0,0.0706,0.0776,255,255
367,2.4382,16.8628,1.5624,0,15.8360,1.3057,0,1.0583,2.2561,255,255
367,0.1478,15.9700,1.3392,0,15.8360,1.3057,0,0.1380,0.1351,255,255
367,0.0539,15.7914,1.2834,0,15.8360,1.3057,0,0.0499,0.0466,255,255
368,0.0112,15.8695,2.3324,0,15.8807,2.3324,0,0.0112,0.0112,255,255
369,0.2640,16.4722,1.1272,0,16.2266,1.1495,0,0.2465,0.2377,255,255
369,0.2387,16.0816,1.3280,0,16.2266,1.1495,0,0.2301,0.2169,255,255
369,0.1859,16.0592,1.1048,0,16.2266,1.1495,0,0.1732,0.1721,255,255
370,0.2667,16.1374,8.9615,0,16.2155,9.1958,0,0.2470,0.2500,255,255
371,0.0158,16.1485,5.0220,0,16.1597,5.0108,0,0.0158,0.0158,255,255
372,0.4360,16.2043,11.9858,0,16.6172,11.9524,0,0.4143,0.4160,255,255
373,0.5049,16.3271,5.2787,0,16.8181,5.2675,0,0.4912,0.4926,255,255
374,0.0112,16.3494,11.7961,0,16.3494,11.8073,0,0.0112,0.0112,255,255
376,0.1124,16.6842,0.7142,0,16.5949,0.6584,0,0.1053,0.0843,255,255
376,0.1012,16.5168,0.6919,0,16.5949,0.6584,0,0.0850,0.0817,255,255
376,0.0316,16.5726,0.6361,0,16.5949,0.6584,0,0.0316,0.0158,255,255
377,0.3437,16.5614,5.6804,0,16.8404,5.5242,0,0.3198,0.3297,255,255
378,0.7136,17.9230,14.1844,0,17.3203,13.9165,0,0.6595,0.6783,255,255
378,0.5612,17.0636,13.4813,0,17.3203,13.9165,0,0.5053,0.5093,255,255
378,0.3968,16.7177,13.4478,0,17.0636,13.4813,0,0.3476,0.3504,255,255
378,0.3110,16.8404,13.6933,0,17.0636,13.4813,0,0.3079,0.2683,255,255
378,0.3029,16.7177,13.4478,0,16.8404,13.6933,0,0.2745,0.2732,255,255
378,0.2694,17.2087,14.1397,0,17.3203,13.9165,0,0.2495,0.2518,255,255
378,0.1655,16.5614,13.4478,0,16.7177,13.4478,0,0.1562,0.1567,255,255
378,0.1543,16.8404,13.8384,0,16.8404,13.6933,0,0.1451,0.1501,255,255
379,0.0269,16.6172,3.8279,0,16.6396,3.8390,0,0.0250,0.0283,255,255
380,1.0214,16.8962,14.4857,0,16.8293,14.8540,0,0.3743,0.9712,255,255
380,0.1597,16.7177,14.7535,0,16.8293,14.8540,0,0.1501,0.1492,255,255
380,0.0855,16.8739,14.9209,0,16.8293,14.8540,0,0.0805,0.0829,255,255
381,1.4225,16.7735,9.3521,0,17.9788,9.5864,0,1.2279,1.3164,255,255
381,1.3137,19.0613,10.0775,0,17.9788,9.5864,0,1.1887,1.2623,255,255
381,1.1278,19.3626,9.0061,0,18.4475,9.2963,0,0.9600,1.0768,255,255
381,0.8968,19.2064,9.5976,0,18.4475,9.2963,0,0.8165,0.8496,255,255
381,0.6412,17.9788,9.5864,0,18.4475,9.2963,0,0.5513,0.5971,255,255
382,1.0276,18.6930,1.0490,0,19.4742,0.9821,0,0.7841,0.9639,255,255
382,0.9596,18.7042,0.9932,0,19.4742,0.9821,0,0.7701,0.9095,255,255
382,0.5816,18.1127,1.4843,0,17.6886,1.1830,0,0.5202,0.5512,255,255
382,0.5247,17.6216,1.1160,0,17.9899,1.0156,0,0.3817,0.4909,255,255
382,0.4061,19.7309,0.6250,0,19.5858,0.9709,0,0.3751,0.3747,255,255
382,0.3837,18.3805,1.1606,0,18.6930,1.0490,0,0.3318,0.3521,255,255
382,0.3680,16.9744,0.3125,0,17.2868,0.4464,0,0.3400,0.3500,255,255
382,0.3503,17.4096,0.9151,0,17.6216,1.1160,0,0.2921,0.2926,255,255
382,0.3233,18.4252,0.9151,0,18.6930,1.0490,0,0.2995,0.2839,255,255
382,0.3010,17.2757,0.6696,0,17.4096,0.9151,0,0.2797,0.2706,255,255
382,0.2898,18.6372,0.9040,0,18.7488,0.6696,0,0.2596,0.2641,255,255
382,0.2814,17.5993,0.7477,0,17.4096,0.9151,0,0.2530,0.2629,255,255
382,0.2659,17.9118,1.1160,0,18.1685,1.1160,0,0.2567,0.2466,255,255
382,0.2536,18.3582,0.8482,0,18.5479,0.7254,0,0.2260,0.2239,255,255
382,0.2509,17.6886,1.1830,0,17.9118,1.1160,0,0.2330,0.2296,255,255
382,0.2398,18.1685,1.1160,0,18.3805,1.1606,0,0.2167,0.2145,255,255
382,0.2321,19.7420,1.1383,0,19.5858,0.9709,0,0.2290,0.2105,255,255
382,0.2202,18.5702,0.7477,0,18.7488,0.6696,0,0.1949,0.1812,255,255
382,0.1840,18.5702,0.7477,0,18.6372,0.9040,0,0.1700,0.1492,255,255
382,0.1801,18.1015,0.8035,0,18.2243,0.9263,0,0.1736,0.1661,255,255
382,0.1766,18.3582,0.9932,0,18.3805,1.1606,0,0.1689,0.1462,255,255
382,0.1709,18.0346,0.9709,0,18.1127,0.8928,0,0.1105,0.1376,255,255
382,0.1682,17.2645,0.4910,0,17.2645,0.6250,0,0.1339,0.1487,255,255
382,0.1663,18.2243,0.9263,0,18.3582,0.8482,0,0.1550,0.1524,255,255
382,0.1570,18.1685,1.1160,0,18.2243,0.9821,0,0.1451,0.1257,255,255
382,0.1413,17.4096,0.4910,0,17.2868,0.4464,0,0.1306,0.1345,255,255
382,0.1385,18.2243,0.9821,0,18.3582,0.9932,0,0.1344,0.1230,255,255
382,0.1347,17.2087,0.6026,0,17.2645,0.4910,0,0.1248,0.1111,255,255
382,0.1328,17.9118,1.1160,0,17.9899,1.0156,0,0.1272,0.1201,255,255
382,0.1328,18.1127,0.8928,0,18.2131,0.9486,0,0.1149,0.0897,255,255
382,0.1170,18.0346,0.9709,0,18.1127,0.8928,0,0.1105,0.1010,255,255
382,0.1170,18.6372,0.9040,0,18.7042,0.9932,0,0.1116,0.1000,255,255
382,0.1162,19.4742,0.9821,0,19.5858,0.9709,0,0.1122,0.0781,255,255
382,0.1078,17.6216,1.1160,0,17.6886,1.1830,0,0.0947,0.0766,255,255
382,0.1059,18.3582,0.9932,0,18.4252,0.9151,0,0.1029,0.0901,255,255
382,0.1031,17.1864,0.6808,0,17.2757,0.6696,0,0.0900,0.0903,255,255
382,0.0947,18.3582,0.8482,0,18.4252,0.9151,0,0.0947,0.0789,255,255
382,0.0697,17.1529,0.6361,0,17.2087,0.6026,0,0.0651,0.0609,255,255
382,0.0697,17.9899,1.0156,0,18.0346,0.9709,0,0.0631,0.0417,255,255
382,0.0650,17.2087,0.6026,0,17.2645,0.6250,0,0.0601,0.0469,255,255
382,0.0604,18.6930,1.0490,0,18.7042,0.9932,0,0.0569,0.0446,255,255
382,0.0539,17.2645,0.4910,0,17.2868,0.4464,0,0.0499,0.0427,255,255
382,0.0493,17.2645,0.6250,0,17.2757,0.6696,0,0.0460,0.0112,255,255
382,0.0427,18.7823,0.6473,0,18.7488,0.6696,0,0.0402,0.0370,255,255
382,0.0381,18.2131,0.9486,0,18.2243,0.9821,0,0.0353,0.0112,255,255
382,0.0316,18.5479,0.7254,0,18.5702,0.7477,0,0.0316,0.0158,255,255
382,0.0269,18.5591,0.7031,0,18.5479,0.7254,0,0.0250,0.0236,255,255
382,0.0269,18.2131,0.9486,0,18.2243,0.9263,0,0.0250,0.0000,0,0
383,1.7494,16.9074,11.0819,0,18.3470,11.8296,0,1.6222,1.6322,255,255
383,1.4972,17.0636,11.7626,0,18.3470,11.8296,0,1.2851,1.4422,255,255
383,0.5492,16.4945,11.0707,0,16.9074,11.0819,0,0.4131,0.4951,255,255
383,0.5035,16.4945,11.0707,0,16.6396,11.2828,0,0.2569,0.4529,255,255
383,0.4218,16.6396,11.2828,0,16.9074,11.0819,0,0.3348,0.3647,255,255
383,0.2787,16.4945,11.0707,0,16.6396,11.2828,0,0.2569,0.2311,255,255
383,0.2417,18.5702,11.8519,0,18.3470,11.8296,0,0.2243,0.2275,255,255
385,0.3179,17.2980,8.7494,0,17.5882,8.6825,0,0.2978,0.3035,255,255
386,0.6967,17.3092,15.0883,0,17.8002,14.7982,0,0.5704,0.6585,255,255
387,0.3780,17.5212,3.8614,0,17.7444,4.1404,0,0.3573,0.3613,255,255
388,0.0473,17.5770,7.7227,0,17.6105,7.7562,0,0.0473,0.0473,255,255
389,1.1931,17.7779,4.7765,0,18.4363,4.3189,0,0.8018,1.1018,255,255
389,0.4088,18.6818,4.5868,0,18.4363,4.3189,0,0.3633,0.3676,255,255
389,0.2610,17.6328,4.8546,0,17.8114,4.8434,0,0.1789,0.2369,255,255
389,0.1951,17.9676,4.9216,0,17.8114,4.8434,0,0.1747,0.1747,255,255
389,0.1932,18.2801,4.3859,0,18.4363,4.3189,0,0.1700,0.1760,255,255
389,0.1840,17.6328,4.8546,0,17.7779,4.7765,0,0.1648,0.1668,255,255
389,0.0808,17.7779,4.7765,0,17.8114,4.8434,0,0.0749,0.0695,255,255
389,0.0539,17.5882,4.8769,0,17.6328,4.8546,0,0.0499,0.0525,255,255
391,0.7043,17.9118,5.4014,0,18.5144,5.2229,0,0.6285,0.6515,255,255
391,0.5315,18.1796,4.9439,0,18.5144,5.2229,0,0.4358,0.5167,255,255
391,0.2267,18.6149,5.4014,0,18.5144,5.2229,0,0.2049,0.2108,255,255
392,0.6061,17.9230,7.8343,0,18.4921,7.7450,0,0.5761,0.5850,255,255
393,0.1385,17.9230,8.6713,0,18.0569,8.6602,0,0.1344,0.1366,255,255
394,0.2536,18.1685,0.2232,0,18.3470,0.1562,0,0.1907,0.2108,255,255
394,0.1886,18.3470,0.1562,0,18.3470,0.1562,0,0.0000,0.1405,255,255
394,0.1078,18.1015,0.2902,0,18.1685,0.2232,0,0.0947,0.0950,255,255
394,0.0631,18.2131,0.2678,0,18.1685,0.2232,0,0.0631,0.0631,255,255
395,1.7401,19.7755,13.9612,0,18.4475,14.7982,0,1.5698,1.6276,255,255
395,0.5816,18.1462,14.8093,0,18.4475,14.8316,0,0.3021,0.5123,255,255
395,0.3614,18.1462,14.8093,0,18.4475,14.7982,0,0.3015,0.3335,255,255
395,0.0920,18.4810,14.9098,0,18.4475,14.8316,0,0.0850,0.0820,255,255
395,0.0427,18.4475,14.7982,0,18.4475,14.8316,0,0.0335,0.0000,0,0
395,0.0269,18.1350,14.7870,0,18.1462,14.8093,0,0.0250,0.0236,255,255
396,0.0223,18.2243,2.8793,0,18.2466,2.8793,0,0.0223,0.0223,255,255
397,0.0223,18.2689,2.5556,0,18.2912,2.5556,0,0.0223,0.0223,255,255
398,0.0112,18.2801,0.7589,0,18.2912,0.7589,0,0.0112,0.0112,255,255
399,0.0966,18.2801,3.8279,0,18.3582,3.8725,0,0.0900,0.0859,255,255
400,0.0539,18.3024,0.7142,0,18.3470,0.7142,0,0.0446,0.0466,255,255
401,0.3791,18.7265,2.9462,0,19.0390,3.0020,0,0.3174,0.3233,255,255
401,0.1886,18.8492,2.8793,0,18.7265,2.9462,0,0.1398,0.1640,255,255
401,0.1813,18.5033,2.7007,0,18.4921,2.8681,0,0.1678,0.1576,255,255
401,0.1813,18.5591,2.9128,0,18.7265,2.9462,0,0.1707,0.1362,255,255
401,0.1636,18.3470,2.9128,0,18.4921,2.8681,0,0.1518,0.1549,255,255
401,0.1393,18.6260,2.8012,0,18.5591,2.9128,0,0.1301,0.1294,255,255
401,0.0855,18.4921,2.8681,0,18.5591,2.9128,0,0.0805,0.0719,255,255
401,0.0585,19.0836,3.0132,0,19.0390,3.0020,0,0.0460,0.0450,255,255
401,0.0316,19.0166,3.0244,0,19.0390,3.0020,0,0.0316,0.0316,255,255
402,0.0716,18.4028,1.4620,0,18.4698,1.4731,0,0.0679,0.0674,255,255
403,0.0112,18.4252,0.5580,0,18.4252,0.5692,0,0.0112,0.0112,255,255
404,0.9683,18.4475,13.8496,0,19.2956,13.6040,0,0.8830,0.9184,255,255
405,0.0112,18.4698,0.1339,0,18.4698,0.1451,0,0.0112,0.0112,255,255
406,0.0427,18.4810,2.6003,0,18.5144,2.6226,0,0.0402,0.0417,255,255
407,1.7589,18.5256,6.4058,0,18.5033,6.9080,0,0.5027,1.6647,255,255
407,0.9514,19.2510,6.8969,0,18.5033,6.9080,0,0.7478,0.8751,255,255
407,0.8194,18.9943,7.4326,0,18.5033,6.9080,0,0.7185,0.7625,255,255
408,0.7447,18.5814,8.6825,0,19.2845,8.6267,0,0.7053,0.7096,255,255
409,0.0827,18.6149,3.7386,0,18.6260,3.6605,0,0.0789,0.0788,255,255
410,0.0316,18.6818,4.0064,0,18.7042,4.0288,0,0.0316,0.0316,255,255
411,0.2109,18.6930,12.0974,0,18.8716,12.1756,0,0.1949,0.1938,255,255
413,0.1189,18.7153,2.6338,0,18.7823,2.7119,0,0.1029,0.1141,255,255
414,1.2489,18.7600,1.7075,0,19.7978,1.7521,0,1.0388,1.1560,255,255
415,0.4599,18.8939,4.1069,0,19.0390,4.4975,0,0.4167,0.4385,255,255
416,0.2583,18.9720,5.3233,0,19.0836,5.5354,0,0.2396,0.2394,255,255
417,0.2991,18.9832,3.7051,0,19.2175,3.8614,0,0.2817,0.2868,255,255
418,0.0827,18.9832,12.4211,0,19.0613,12.4322,0,0.0789,0.0797,255,255
419,0.5816,19.0836,0.4576,0,19.5635,0.2120,0,0.5390,0.5508,255,255
420,0.1078,19.2064,4.7876,0,19.2956,4.7430,0,0.0998,0.1080,255,255
421,0.0112,19.3291,4.0176,0,19.3291,4.0288,0,0.0112,0.0112,255,255
422,1.0903,19.3291,7.9906,0,20.3224,8.2026,0,1.0156,1.0333,255,255
423,3.6006,19.3403,2.4552,0,22.3646,3.6270,0,3.2434,3.4069,255,255
424,1.7293,19.3626,10.2560,0,20.8469,10.0217,0,1.5027,1.6422,255,255
424,0.2564,20.9920,9.8320,0,20.8469,10.0217,0,0.2388,0.2456,255,255
424,0.2359,21.0143,10.1556,0,20.8469,10.0217,0,0.2144,0.2172,255,255
425,0.8725,19.3738,5.3345,0,19.8983,4.8323,0,0.7262,0.8261,255,255
426,2.5337,19.3403,11.7961,0,19.9876,10.6801,0,1.2901,2.4164,255,255
426,1.7459,22.1749,13.0126,0,20.7130,12.3430,0,1.6080,1.6412,255,255
426,0.8355,19.6974,11.9189,0,20.4451,12.1086,0,0.7714,0.7696,255,255
426,0.6605,20.5009,10.7136,0,19.9876,10.6801,0,0.5145,0.6028,255,255
426,0.6289,20.5009,10.4234,0,19.9876,10.6801,0,0.5740,0.5913,255,255
426,0.4869,20.4451,12.1086,0,20.7130,12.3430,0,0.3559,0.4239,255,255
426,0.4330,20.4451,12.1086,0,20.7130,12.3430,0,0.3559,0.3797,255,255
426,0.4265,19.3403,11.7961,0,19.6974,11.9189,0,0.3776,0.3973,255,255
426,0.3429,19.3849,12.0863,0,19.3403,11.7961,0,0.2936,0.3271,255,255
426,0.2229,19.6862,11.9970,0,19.6974,12.1532,0,0.1566,0.1990,255,255
426,0.1794,19.6862,11.9970,0,19.6974,12.1532,0,0.1566,0.1517,255,255
426,0.1709,19.8090,12.2648,0,19.6974,12.1532,0,0.1578,0.1659,255,255
426,0.0827,19.6862,11.9970,0,19.6974,11.9189,0,0.0789,0.0672,255,255
427,0.1393,19.4072,12.1309,0,19.4742,12.2425,0,0.1301,0.1259,255,255
428,1.0422,20.8469,4.2408,0,19.8648,4.1627,0,0.9852,0.9914,255,255
428,0.3576,19.5858,3.9730,0,19.8648,4.1627,0,0.3374,0.3421,255,255
428,0.1682,19.8090,4.3078,0,19.8648,4.1627,0,0.1554,0.1682,255,255
429,0.3772,19.7309,13.5706,0,20.0434,13.7268,0,0.3494,0.3590,255,255
429,0.1978,20.0434,13.7268,0,20.1996,13.7603,0,0.1598,0.1642,255,255
429,0.1978,20.0434,13.7268,0,20.1996,13.7603,0,0.1598,0.1557,255,255
429,0.0558,20.2554,13.7603,0,20.1996,13.7603,0,0.0558,0.0558,255,255
430,0.0112,19.7420,11.6622,0,19.7532,11.6622,0,0.0112,0.0112,255,255
431,1.0173,19.8425,12.6331,0,20.6348,13.1130,0,0.9263,0.9694,255,255
432,0.0158,19.8648,14.6754,0,19.8760,14.6642,0,0.0158,0.0158,255,255
433,0.3745,20.4451,5.3903,0,20.1215,5.2675,0,0.3461,0.3371,255,255
433,0.2352,19.9094,5.3233,0,20.1215,5.2675,0,0.2193,0.2185,255,255
433,0.0827,20.1326,5.1894,0,20.1215,5.2675,0,0.0789,0.0683,255,255
434,0.0427,20.0099,14.7424,0,20.0434,14.7200,0,0.0402,0.0370,255,255
436,0.2063,20.0768,4.6314,0,20.2554,4.6984,0,0.1907,0.1912,255,255
437,0.0223,20.1884,8.4035,0,20.2108,8.4035,0,0.0223,0.0223,255,255
438,0.0158,20.2331,14.6754,0,20.2442,14.6866,0,0.0158,0.0158,255,255
439,1.6796,20.2442,7.8901,0,21.6169,7.6223,0,1.3986,1.5823,255,255
440,0.0112,20.3112,14.8093,0,20.3224,14.8093,0,0.0112,0.0112,255,255
442,0.0112,20.6906,1.4062,0,20.7018,1.4062,0,0.0112,0.0112,255,255
443,0.0335,20.8580,10.3230,0,20.8915,10.3230,0,0.0335,0.0335,255,255
444,0.4357,20.8692,0.5134,0,21.0701,0.8593,0,0.4001,0.4038,255,255
445,1.2532,20.8692,12.7670,0,21.5165,13.6933,0,1.1300,1.1640,255,255
446,0.7228,20.8915,8.6267,0,21.2152,9.0173,0,0.5073,0.6888,255,255
447,0.1059,21.0366,1.3727,0,21.1036,1.4508,0,0.1029,0.1075,255,255
448,1.3024,21.0366,4.7876,0,22.2419,4.9774,0,1.2201,1.2369,255,255
449,0.1440,21.0701,10.9703,0,21.1705,10.8810,0,0.1344,0.1408,255,255
452,0.3876,21.2152,14.2067,0,21.2710,14.5526,0,0.3504,0.3621,255,255
453,0.9730,22.1303,10.5350,0,21.3714,10.3453,0,0.7822,0.9022,255,255
453,0.4815,21.9294,10.0998,0,21.4942,10.0775,0,0.4358,0.4496,255,255
453,0.3198,21.3714,10.3453,0,21.3937,10.0440,0,0.3021,0.2927,255,255
453,0.2740,21.4942,10.0775,0,21.6169,10.3007,0,0.2547,0.2519,255,255
453,0.2640,21.3714,10.3453,0,21.6169,10.3007,0,0.2495,0.2166,255,255
453,0.1170,21.3268,9.9547,0,21.3937,10.0440,0,0.1116,0.1172,255,255
453,0.1143,21.3937,10.0440,0,21.4942,10.0775,0,0.1059,0.0677,255,255
453,0.0650,21.6727,10.3230,0,21.6169,10.3007,0,0.0601,0.0570,255,255
455,0.0558,21.4495,5.5465,0,21.5053,5.5465,0,0.0558,0.0558,255,255
456,0.0716,21.7062,7.4214,0,21.7174,7.3544,0,0.0679,0.0672,255,255
458,0.0112,21.7732,11.2158,0,21.7843,11.2158,0,0.0112,0.0112,255,255
461,0.1674,21.9517,5.2006,0,22.1191,5.2006,0,0.1674,0.1674,255,255
462,0.1301,21.9740,10.0105,0,22.0856,10.0552,0,0.1202,0.1305,255,255
463,0.0112,21.9740,12.3988,0,21.9852,12.3988,0,0.0112,0.0112,255,255
464,0.3522,22.3200,13.5482,0,22.6213,13.6710,0,0.3254,0.3305,255,255
465,0.0335,22.3981,10.6020,0,22.4316,10.6020,0,0.0335,0.0335,255,255
466,0.0827,22.4093,10.2226,0,22.4874,10.2337,0,0.0789,0.0797,255,255
467,0.1766,22.4204,8.1914,0,22.5878,8.2138,0,0.1689,0.1702,255,255
468,0.0381,22.5990,13.1911,0,22.6325,13.2023,0,0.0353,0.0400,255,255
469,0.0269,22.7552,10.6801,0,22.7664,10.6578,0,0.0250,0.0283,255,255
